metric,case_id,W,pc,n,is_raw,k,null,obs,mean,excess,se,t,p_two,p_pos,lag,q_pos,q_two
rank_ic,RAW_N5,RAW,RAW,5,True,5,0.0,4325,0.025560694069794554,0.025560694069794554,0.003797429464388556,6.731051704711575,1.684410921183962e-11,8.42205460591981e-12,4,1.684410921183962e-10,3.368821842367924e-10
rank_ic,RAW_N5,RAW,RAW,5,True,10,0.0,4320,0.013591508270644813,0.013591508270644813,0.00442375203401236,3.0723937883826777,0.002123493872745242,0.001061746936372621,9,0.0033309707807768502,0.0066619415615537005
rank_ic,RAW_N5,RAW,RAW,5,True,20,0.0,4310,0.012877269004179346,0.012877269004179346,0.004610532460339103,2.7930112443525075,0.005221987670340216,0.002610993835170108,19,0.006747687435528635,0.01349537487105727
rank_ic,RAW_N5,RAW,RAW,5,True,60,0.0,4270,0.006667288985484785,0.006667288985484785,0.004696267383572771,1.4196996126767645,0.15569515094435435,0.07784757547217717,59,0.10830967022215955,0.2166193404443191
rank_ic,RAW_N10,RAW,RAW,10,True,5,0.0,4325,0.01626959888476896,0.01626959888476896,0.004575247405209316,3.556004177226484,0.00037653809222188463,0.00018826904611094232,9,0.0007927117730987045,0.001585423546197409
rank_ic,RAW_N10,RAW,RAW,10,True,10,0.0,4320,0.011181127449382891,0.011181127449382891,0.005215259703602992,2.1439253430962117,0.0320388691959021,0.01601943459795105,9,0.02980359925200195,0.0596071985040039
rank_ic,RAW_N10,RAW,RAW,10,True,20,0.0,4310,0.012701125873768211,0.012701125873768211,0.0060860803665799615,2.086913926328176,0.03689591580081547,0.018447957900407735,19,0.03243596993478283,0.06487193986956566
rank_ic,RAW_N10,RAW,RAW,10,True,60,0.0,4270,0.006932148323078953,0.006932148323078953,0.006457355880933475,1.0735273772888048,0.2830345619238011,0.14151728096190055,59,0.17417511503003144,0.3483502300600629
rank_ic,RAW_N20,RAW,RAW,20,True,5,0.0,4325,0.01917638844546473,0.01917638844546473,0.004991250743210079,3.8420006190936435,0.00012203552841360652,6.101776420680326e-05,19,0.00032542807576961736,0.0006508561515392347
rank_ic,RAW_N20,RAW,RAW,20,True,10,0.0,4320,0.018501066801809008,0.018501066801809008,0.006431547184437022,2.8766121543160965,0.004019693208790852,0.002009846604395426,19,0.005641674679004704,0.011283349358009408
rank_ic,RAW_N20,RAW,RAW,20,True,20,0.0,4310,0.018922291906736763,0.018922291906736763,0.007716675072017959,2.4521301895102945,0.01420132704203961,0.007100663521019805,19,0.014534002953721491,0.029068005907442983
rank_ic,RAW_N20,RAW,RAW,20,True,60,0.0,4270,0.010011122606077213,0.010011122606077213,0.008996015734210232,1.1128396060943637,0.26577732190527215,0.13288866095263607,59,0.1661108261907951,0.3322216523815902
rank_ic,RAW_N60,RAW,RAW,60,True,5,0.0,4325,0.014490593016793028,0.014490593016793028,0.005278692788655046,2.7451101242216964,0.006049059530001762,0.003024529765000881,59,0.007332193369699105,0.01466438673939821
rank_ic,RAW_N60,RAW,RAW,60,True,10,0.0,4320,0.015134627505567003,0.015134627505567003,0.007210125039691867,2.099079755517499,0.035809870707404094,0.017904935353702047,59,0.031830996184359195,0.06366199236871839
rank_ic,RAW_N60,RAW,RAW,60,True,20,0.0,4310,0.014638877299801907,0.014638877299801907,0.009853465665414092,1.4856577164707365,0.1373696802529456,0.0686848401264728,59,0.09812120018067542,0.19624240036135085
rank_ic,RAW_N60,RAW,RAW,60,True,60,0.0,4270,0.013084210719182173,0.013084210719182173,0.013511614637030055,0.9683676652029036,0.3328607821936544,0.1664303910968272,59,0.19296277228617648,0.38592554457235295
rank_ic,W60_PC1_N5,60,PC1,5,False,5,0.0,4321,0.021086125486527826,0.021086125486527826,0.003383834802790549,6.231428753300462,4.622001925705682e-10,2.311000962852841e-10,4,3.6976015405645458e-09,7.3952030811290915e-09
rank_ic,W60_PC1_N5,60,PC1,5,False,10,0.0,4316,0.011278749972975982,0.011278749972975982,0.003984915017846089,2.830361481352827,0.004649543954334695,0.0023247719771673477,9,0.006304466378758909,0.012608932757517817
rank_ic,W60_PC1_N5,60,PC1,5,False,20,0.0,4306,0.008825250157622064,0.008825250157622064,0.004066271363169799,2.1703544523753764,0.029980004477880445,0.014990002238940222,19,0.028216474802711007,0.056432949605422014
rank_ic,W60_PC1_N5,60,PC1,5,False,60,0.0,4266,0.0004567538980177094,0.0004567538980177094,0.0036485675902959056,0.1251871828365021,0.9003753640321936,0.4501876820160968,59,0.4741732153975637,0.9380585866262823
rank_ic,W60_PC1_N10,60,PC1,10,False,5,0.0,4316,0.01396446893190028,0.01396446893190028,0.004106355871535035,3.400696230129731,0.0006721447444926112,0.0003360723722463056,9,0.0012802757037954499,0.0025605514075908997
rank_ic,W60_PC1_N10,60,PC1,10,False,10,0.0,4311,0.007814482789471488,0.007814482789471488,0.004734578753850867,1.6505127902066434,0.09883809952584711,0.04941904976292356,9,0.07389764450530625,0.1477952890106125
rank_ic,W60_PC1_N10,60,PC1,10,False,20,0.0,4301,0.007259699271096667,0.007259699271096667,0.005171861238343908,1.4036918116197004,0.16041064184751966,0.08020532092375983,19,0.11062802886035839,0.22125605772071677
rank_ic,W60_PC1_N10,60,PC1,10,False,60,0.0,4261,-0.0003529793202416793,-0.0003529793202416793,0.004770655275965231,-0.07398969320210674,0.9410185864147161,0.529490706792642,59,0.543067391582197,0.9529302140908518
rank_ic,W60_PC1_N20,60,PC1,20,False,5,0.0,4306,0.013874226346907726,0.013874226346907726,0.004331401997279853,3.203172172802438,0.0013592269314176932,0.0006796134657088466,19,0.0022653782190294887,0.0045307564380589775
rank_ic,W60_PC1_N20,60,PC1,20,False,10,0.0,4301,0.010288039845302415,0.010288039845302415,0.005430338806047781,1.8945484274102016,0.05815225279051213,0.029076126395256065,19,0.048460210658760106,0.09692042131752021
rank_ic,W60_PC1_N20,60,PC1,20,False,20,0.0,4291,0.008235034839592509,0.008235034839592509,0.006133671956900473,1.342594598709827,0.17940328027891972,0.08970164013945986,19,0.12060724724633258,0.24121449449266516
rank_ic,W60_PC1_N20,60,PC1,20,False,60,0.0,4251,-0.0005626861593732654,-0.0005626861593732654,0.0063311196885467574,-0.08887624733918498,0.9291802607121763,0.5354098696439118,59,0.5456406314842414,0.9469352975410714
rank_ic,W60_PC1_N60,60,PC1,60,False,5,0.0,4266,0.010685790562404427,0.010685790562404427,0.004326114721744984,2.4700663874429574,0.013508797969168498,0.006754398984584249,59,0.014035114773162076,0.02807022954632415
rank_ic,W60_PC1_N60,60,PC1,60,False,10,0.0,4261,0.007783368109430231,0.007783368109430231,0.005837306032695186,1.3333835961032376,0.18240595280290114,0.09120297640145057,59,0.12160396853526743,0.24320793707053487
rank_ic,W60_PC1_N60,60,PC1,60,False,20,0.0,4251,0.00445656811362173,0.00445656811362173,0.007695244488297437,0.5791327514543648,0.5624996024681292,0.2812498012340646,59,0.32142834426750244,0.6428566885350049
rank_ic,W60_PC1_N60,60,PC1,60,False,60,0.0,4211,0.008719992116324873,0.008719992116324873,0.00882075086456179,0.9885770780986769,0.3228701056529817,0.16143505282649084,59,0.18992359156057748,0.37984718312115495
rank_ic,W60_PC12_N5,60,PC12,5,False,5,0.0,4321,0.02188844098547574,0.02188844098547574,0.0029942775579363205,7.310090852286061,2.6696182187587565e-13,1.3348091093793782e-13,4,4.27138915001401e-12,8.54277830002802e-12
rank_ic,W60_PC12_N5,60,PC12,5,False,10,0.0,4316,0.01143672634975132,0.01143672634975132,0.0035016297168289964,3.2661152876290367,0.0010903384927946928,0.0005451692463973464,9,0.0018558953068845835,0.003711790613769167
rank_ic,W60_PC12_N5,60,PC12,5,False,20,0.0,4306,0.009584352608232654,0.009584352608232654,0.003525923531578384,2.7182531108217787,0.006562761302223351,0.0032813806511116754,19,0.007836132898177136,0.015672265796354272
rank_ic,W60_PC12_N5,60,PC12,5,False,60,0.0,4266,0.00033033726753256185,0.00033033726753256185,0.003080664183235273,0.10722923625698338,0.9146071219606253,0.45730356098031266,59,0.47822594612320274,0.9380585866262823
rank_ic,W60_PC12_N10,60,PC12,10,False,5,0.0,4316,0.014480638367478354,0.014480638367478354,0.003622487730211334,3.9974292381201693,6.403412418350731e-05,3.2017062091753656e-05,9,0.00019702807441079174,0.00039405614882158347
rank_ic,W60_PC12_N10,60,PC12,10,False,10,0.0,4311,0.008799284175035192,0.008799284175035192,0.004145471015471733,2.1226259072116274,0.033785212231368496,0.016892606115684248,9,0.03036873009561213,0.06073746019122426
rank_ic,W60_PC12_N10,60,PC12,10,False,20,0.0,4301,0.007622792719767264,0.007622792719767264,0.004508758456867533,1.690663359479055,0.09090111607867846,0.04545055803933923,19,0.06860461590843657,0.13720923181687314
rank_ic,W60_PC12_N10,60,PC12,10,False,60,0.0,4261,-0.0004435479704157875,-0.0004435479704157875,0.004057089445365035,-0.10932664324729462,0.9129434149935935,0.5435282925032032,59,0.5469467094371856,0.9380585866262823
rank_ic,W60_PC12_N20,60,PC12,20,False,5,0.0,4306,0.014939092814954081,0.014939092814954081,0.0037569342837677254,3.9764051448810753,6.996488775945446e-05,3.498244387972723e-05,19,0.0002073033711391243,0.0004146067422782486
rank_ic,W60_PC12_N20,60,PC12,20,False,10,0.0,4301,0.010659292795329635,0.010659292795329635,0.0046819385665391525,2.2766836095435763,0.02280512598859308,0.01140256299429654,19,0.021719167608183886,0.04343833521636777
rank_ic,W60_PC12_N20,60,PC12,20,False,20,0.0,4291,0.007210229249052351,0.007210229249052351,0.005445209680836299,1.324141708340049,0.18545598591571766,0.09272799295785883,19,0.1218887472806323,0.2437774945612646
rank_ic,W60_PC12_N20,60,PC12,20,False,60,0.0,4251,-0.0017749567085529414,-0.0017749567085529414,0.0053955064765141515,-0.3289694334126125,0.7421787919161211,0.6289106040419394,59,0.6289106040419394,0.8304098371089467
rank_ic,W60_PC12_N60,60,PC12,60,False,5,0.0,4266,0.01006765149924541,0.01006765149924541,0.003840547024977621,2.621410813034915,0.008756667096652185,0.004378333548326093,59,0.010007619539031069,0.020015239078062137
rank_ic,W60_PC12_N60,60,PC12,60,False,10,0.0,4261,0.006905757001323591,0.006905757001323591,0.005132897572393191,1.3453915461834964,0.17849882384813148,0.08924941192406574,59,0.12060724724633258,0.24121449449266516
rank_ic,W60_PC12_N60,60,PC12,60,False,20,0.0,4251,0.0023451989005559863,0.0023451989005559863,0.006540225626074677,0.35858073324047257,0.7199087621831977,0.35995438109159883,59,0.4055824012299705,0.811164802459941
rank_ic,W60_PC12_N60,60,PC12,60,False,60,0.0,4211,0.0016140044949816724,0.0016140044949816724,0.007874165635448046,0.20497466902597541,0.8375919160126638,0.4187959580063319,59,0.45047907545465676,0.8949915406383909
rank_ic,W60_PC123_N5,60,PC123,5,False,5,0.0,4321,0.02153950043843979,0.02153950043843979,0.002865633009439416,7.5164895042346735,5.626659589394221e-14,2.8133297946971106e-14,4,1.1253319178788442e-12,2.2506638357576885e-12
rank_ic,W60_PC123_N5,60,PC123,5,False,10,0.0,4316,0.01209806927580015,0.01209806927580015,0.003379943613637339,3.579370148953688,0.0003444233357541144,0.0001722116678770572,9,0.0007872533388665471,0.0015745066777330943
rank_ic,W60_PC123_N5,60,PC123,5,False,20,0.0,4306,0.009851883199650488,0.009851883199650488,0.0034130361685673965,2.886545208744671,0.003894967857656557,0.0019474839288282785,19,0.005564239796652224,0.011128479593304447
rank_ic,W60_PC123_N5,60,PC123,5,False,60,0.0,4266,0.0008367251026758487,0.0008367251026758487,0.00298744979649399,0.2800800547871339,0.7794160865367072,0.3897080432683536,59,0.43002266843404535,0.8541546153826928
rank_ic,W60_PC123_N10,60,PC123,10,False,5,0.0,4316,0.0149342196666754,0.0149342196666754,0.003493666319427835,4.27465541961695,1.9143312934934072e-05,9.571656467467036e-06,9,8.496948823693944e-05,0.00016993897647387887
rank_ic,W60_PC123_N10,60,PC123,10,False,10,0.0,4311,0.009384691751324907,0.009384691751324907,0.004041389203018943,2.322145005067684,0.020225129049554338,0.010112564524777169,9,0.019731833219077403,0.039463666438154806
rank_ic,W60_PC123_N10,60,PC123,10,False,20,0.0,4301,0.007950426190256292,0.007950426190256292,0.004351207216349732,1.8271771016517981,0.06767314557668569,0.033836572788342845,19,0.0552332817141773,0.1104665634283546
rank_ic,W60_PC123_N10,60,PC123,10,False,60,0.0,4261,0.000132992753546253,0.000132992753546253,0.0038737948518827122,0.03433138785901811,0.9726128957239057,0.4863064478619529,59,0.5019937526316932,0.9726128957239057
rank_ic,W60_PC123_N20,60,PC123,20,False,5,0.0,4306,0.01491772953435551,0.01491772953435551,0.003709241587443706,4.02177350347146,5.776158701715883e-05,2.8880793508579416e-05,19,0.00019243283501941204,0.0003848656700388241
rank_ic,W60_PC123_N20,60,PC123,20,False,10,0.0,4301,0.010594378373545968,0.010594378373545968,0.004574969684903325,2.3157264644847237,0.020573208492430974,0.010286604246215487,19,0.019829598546921418,0.039659197093842836
rank_ic,W60_PC123_N20,60,PC123,20,False,20,0.0,4291,0.006829903943599872,0.006829903943599872,0.005162964416668336,1.322864810291916,0.18588033960296427,0.09294016980148213,19,0.1218887472806323,0.2437774945612646
rank_ic,W60_PC123_N20,60,PC123,20,False,60,0.0,4251,-0.0005592522130654395,-0.0005592522130654395,0.00515183074132151,-0.10855407352183008,0.913556189420581,0.5432219052897095,59,0.5469467094371856,0.9380585866262823
rank_ic,W60_PC123_N60,60,PC123,60,False,5,0.0,4266,0.010098747735312507,0.010098747735312507,0.003658552180952851,2.760312614341977,0.005774607480956242,0.002887303740478121,59,0.007332193369699105,0.01466438673939821
rank_ic,W60_PC123_N60,60,PC123,60,False,10,0.0,4261,0.007409831010827931,0.007409831010827931,0.0049466134810161435,1.49796038022073,0.13414354449445332,0.06707177224722666,59,0.09673628342861244,0.1934725668572249
rank_ic,W60_PC123_N60,60,PC123,60,False,20,0.0,4251,0.003999363712445668,0.003999363712445668,0.0064155671449281386,0.62338428109312,0.5330320250036048,0.2665160125018024,59,0.3067810215848085,0.613562043169617
rank_ic,W60_PC123_N60,60,PC123,60,False,60,0.0,4211,0.00803945418893455,0.00803945418893455,0.0077992796805743,1.030794447461405,0.30263722264951187,0.15131861132475594,59,0.18203742715760113,0.36407485431520226
rank_ic,W120_PC1_N5,120,PC1,5,False,5,0.0,4321,0.023059343420257304,0.023059343420257304,0.0034350021287656595,6.7130506927934555,1.9059686055727587e-11,9.529843027863794e-12,4,1.6941943160646746e-10,3.388388632129349e-10
rank_ic,W120_PC1_N5,120,PC1,5,False,10,0.0,4316,0.013037292799543878,0.013037292799543878,0.003981484369972012,3.2744804671016516,0.001058564571153854,0.000529282285576927,9,0.0018409818628762676,0.0036819637257525352
rank_ic,W120_PC1_N5,120,PC1,5,False,20,0.0,4306,0.010392422233235858,0.010392422233235858,0.00405716133645382,2.5615008552554634,0.01042209846663383,0.005211049233316915,19,0.011421477771653513,0.022842955543307026
rank_ic,W120_PC1_N5,120,PC1,5,False,60,0.0,4266,0.001075665984062806,0.001075665984062806,0.0036667775568646915,0.293354578340597,0.7692511401281844,0.3846255700640922,59,0.427361744515658,0.8488288442793759
rank_ic,W120_PC1_N10,120,PC1,10,False,5,0.0,4316,0.015742643117947604,0.015742643117947604,0.004093759990578741,3.8455217585245007,0.00012029618856632454,6.014809428316227e-05,9,0.00032542807576961736,0.0006508561515392347
rank_ic,W120_PC1_N10,120,PC1,10,False,10,0.0,4311,0.010036285933055809,0.010036285933055809,0.004709725605890743,2.1309704158779037,0.03309157949919178,0.01654578974959589,9,0.030083254090174347,0.060166508180348695
rank_ic,W120_PC1_N10,120,PC1,10,False,20,0.0,4301,0.009277609499922353,0.009277609499922353,0.005198029451486728,1.7848320380848925,0.07428856496813038,0.03714428248406519,19,0.05769985628592651,0.11539971257185302
rank_ic,W120_PC1_N10,120,PC1,10,False,60,0.0,4261,0.0002605893521703963,0.0002605893521703963,0.004973533301255559,0.05239521611418808,0.9582137858711561,0.47910689293557807,59,0.49777339525774345,0.964240287669088
rank_ic,W120_PC1_N20,120,PC1,20,False,5,0.0,4306,0.01600720924627427,0.01600720924627427,0.004257855349467731,3.7594535117956296,0.00017028491469797783,8.514245734898891e-05,19,0.00043944494115607185,0.0008788898823121437
rank_ic,W120_PC1_N20,120,PC1,20,False,10,0.0,4301,0.013450964593148885,0.013450964593148885,0.005390913311397793,2.4951179542638995,0.01259152659699571,0.006295763298497855,19,0.01333727033039799,0.02667454066079598
rank_ic,W120_PC1_N20,120,PC1,20,False,20,0.0,4291,0.010681474709576467,0.010681474709576467,0.0062550222852901256,1.70766373362026,0.08769875509388247,0.04384937754694124,19,0.06681809911914856,0.13363619823829712
rank_ic,W120_PC1_N20,120,PC1,20,False,60,0.0,4251,0.0008473133669374943,0.0008473133669374943,0.006806400268009461,0.12448773706711375,0.9009291092553711,0.45046455462768553,59,0.4741732153975637,0.9380585866262823
rank_ic,W120_PC1_N60,120,PC1,60,False,5,0.0,4266,0.012149028704586425,0.012149028704586425,0.004176149043698359,2.9091463397166875,0.0036241717285596404,0.0018120858642798202,59,0.005271522514268568,0.010543045028537135
rank_ic,W120_PC1_N60,120,PC1,60,False,10,0.0,4261,0.010793386482825304,0.010793386482825304,0.005634326957468494,1.9156478784956383,0.05540993092279407,0.027704965461397037,59,0.04748976267004407,0.09497952534008813
rank_ic,W120_PC1_N60,120,PC1,60,False,20,0.0,4251,0.007992132079038797,0.007992132079038797,0.0075109286865136255,1.064067096441643,0.28729830521717054,0.14364915260858527,59,0.17536172151600402,0.35072344303200803
rank_ic,W120_PC1_N60,120,PC1,60,False,60,0.0,4211,0.014003506798125322,0.014003506798125322,0.009542304566542903,1.467518323322463,0.14223510845666273,0.07111755422833137,59,0.09981411119765807,0.19962822239531613
rank_ic,W120_PC12_N5,120,PC12,5,False,5,0.0,4321,0.02169697893703615,0.02169697893703615,0.0030469667760034988,7.120845264185852,1.0726716486852318e-12,5.363358243426159e-13,4,1.2259104556402651e-11,2.4518209112805302e-11
rank_ic,W120_PC12_N5,120,PC12,5,False,10,0.0,4316,0.012223570953425524,0.012223570953425524,0.0035471970557554287,3.4459802377182376,0.0005689919682408333,0.0002844959841204167,9,0.0011379839364816667,0.0022759678729633334
rank_ic,W120_PC12_N5,120,PC12,5,False,20,0.0,4306,0.010021386766771402,0.010021386766771402,0.0036409803276790773,2.752386957597071,0.005916256784430585,0.0029581283922152923,19,0.007332193369699105,0.01466438673939821
rank_ic,W120_PC12_N5,120,PC12,5,False,60,0.0,4266,0.0006439578828670293,0.0006439578828670293,0.0032602437348133685,0.19751832539105926,0.8434219423214546,0.4217109711607273,59,0.45047907545465676,0.8949915406383909
rank_ic,W120_PC12_N10,120,PC12,10,False,5,0.0,4316,0.015417394658691004,0.015417394658691004,0.003627892757032489,4.249683133219733,2.140731282241135e-05,1.0703656411205675e-05,9,8.496948823693944e-05,0.00016993897647387887
rank_ic,W120_PC12_N10,120,PC12,10,False,10,0.0,4311,0.010201063153789902,0.010201063153789902,0.004174284827759899,2.4437870377101776,0.014534002953721493,0.0072670014768607466,9,0.014534002953721491,0.029068005907442983
rank_ic,W120_PC12_N10,120,PC12,10,False,20,0.0,4301,0.008978824471421728,0.008978824471421728,0.004707708457168597,1.9072600933367803,0.056486915153336176,0.028243457576668088,19,0.04756792855017783,0.09513585710035566
rank_ic,W120_PC12_N10,120,PC12,10,False,60,0.0,4261,0.0008772474482727558,0.0008772474482727558,0.0044768641419553595,0.19595132227747267,0.8446482664774815,0.42232413323874074,59,0.45047907545465676,0.8949915406383909
rank_ic,W120_PC12_N20,120,PC12,20,False,5,0.0,4306,0.015532058229562273,0.015532058229562273,0.00380152022790858,4.0857491998950355,4.393481654516523e-05,2.1967408272582617e-05,19,0.00015281675320057473,0.00030563350640114945
rank_ic,W120_PC12_N20,120,PC12,20,False,10,0.0,4301,0.012979882417050182,0.012979882417050182,0.004822760424801047,2.691380303757394,0.007115702760268453,0.0035578513801342265,19,0.008371415012080533,0.016742830024161066
rank_ic,W120_PC12_N20,120,PC12,20,False,20,0.0,4291,0.010341332263048418,0.010341332263048418,0.005733038804343114,1.8038134078587171,0.07126056322826194,0.03563028161413097,19,0.05589063782608779,0.11178127565217558
rank_ic,W120_PC12_N20,120,PC12,20,False,60,0.0,4251,0.0014963939037832797,0.0014963939037832797,0.006140358781674955,0.2436981220460698,0.8074646279194683,0.40373231395973413,59,0.44244637146272237,0.8788730644021424
rank_ic,W120_PC12_N60,120,PC12,60,False,5,0.0,4266,0.010442701177082311,0.010442701177082311,0.0037028263525375666,2.8201973797463853,0.004799411835378601,0.0023997059176893007,59,0.006399215780504802,0.012798431561009604
rank_ic,W120_PC12_N60,120,PC12,60,False,10,0.0,4261,0.009084296373331776,0.009084296373331776,0.004984020148204256,1.8226845203675293,0.06835118612129441,0.03417559306064721,59,0.0552332817141773,0.1104665634283546
rank_ic,W120_PC12_N60,120,PC12,60,False,20,0.0,4251,0.006468875638288049,0.006468875638288049,0.006610195715955938,0.9786208935800849,0.3277673317797442,0.1638836658898721,59,0.1913969820611645,0.382793964122329
rank_ic,W120_PC12_N60,120,PC12,60,False,60,0.0,4211,0.011789655363170034,0.011789655363170034,0.009083228681182987,1.2979586639268192,0.19430153961618798,0.09715076980809399,59,0.1261271573213797,0.2522543146427594
rank_ic,W120_PC123_N5,120,PC123,5,False,5,0.0,4321,0.022396892801175593,0.022396892801175593,0.0028649764838765707,7.81747875670888,5.389182028142569e-15,2.6945910140712844e-15,4,1.437115207504685e-13,2.87423041500937e-13
rank_ic,W120_PC123_N5,120,PC123,5,False,10,0.0,4316,0.012204254595274846,0.012204254595274846,0.0033563595828495366,3.636158252422251,0.00027673436063846305,0.00013836718031923152,9,0.0006708711773053649,0.0013417423546107298
rank_ic,W120_PC123_N5,120,PC123,5,False,20,0.0,4306,0.009934274090479284,0.009934274090479284,0.0034147772926255374,2.9092011686774066,0.003623536149495203,0.0018117680747476014,19,0.005271522514268568,0.010543045028537135
rank_ic,W120_PC123_N5,120,PC123,5,False,60,0.0,4266,0.0009451065364425383,0.0009451065364425383,0.0031875475084162273,0.2964995922247842,0.766848578332151,0.3834242891660755,59,0.427361744515658,0.8488288442793759
rank_ic,W120_PC123_N10,120,PC123,10,False,5,0.0,4316,0.015096948361593625,0.015096948361593625,0.003486624845525157,4.329960644022117,1.491359929718617e-05,7.456799648593085e-06,9,7.018164375146432e-05,0.00014036328750292865
rank_ic,W120_PC123_N10,120,PC123,10,False,10,0.0,4311,0.009524208615065066,0.009524208615065066,0.004006503762977566,2.3771869885844894,0.017445242090933625,0.008722621045466812,9,0.017229868731786297,0.034459737463572594
rank_ic,W120_PC123_N10,120,PC123,10,False,20,0.0,4301,0.007972516722329001,0.007972516722329001,0.004405503164519061,1.8096722268951866,0.0703466319191881,0.03517331595959405,19,0.05572010449044602,0.11144020898089203
rank_ic,W120_PC123_N10,120,PC123,10,False,60,0.0,4261,0.0009675676122425218,0.0009675676122425218,0.004303603707612364,0.2248273024142661,0.8221136255041261,0.41105681275206307,59,0.4474087757845585,0.8887714870314878
rank_ic,W120_PC123_N20,120,PC123,20,False,5,0.0,4306,0.01548210251181192,0.01548210251181192,0.0036510281987227333,4.240477385857535,2.23044906621966e-05,1.11522453310983e-05,19,8.496948823693944e-05,0.00016993897647387887
rank_ic,W120_PC123_N20,120,PC123,20,False,10,0.0,4301,0.01185632628179698,0.01185632628179698,0.00453439121329452,2.61475592291972,0.0089291238342846,0.0044645619171423,19,0.010060984602010816,0.020121969204021633
rank_ic,W120_PC123_N20,120,PC123,20,False,20,0.0,4291,0.008233562049161945,0.008233562049161945,0.005325583781266369,1.5460393427899632,0.12209506648002283,0.061047533240011415,19,0.08961105796698925,0.1792221159339785
rank_ic,W120_PC123_N20,120,PC123,20,False,60,0.0,4251,0.0028267669093544855,0.0028267669093544855,0.005928505794247714,0.47680933568408235,0.6334978973014765,0.31674894865073827,59,0.3594314310930363,0.7188628621860726
rank_ic,W120_PC123_N60,120,PC123,60,False,5,0.0,4266,0.011086530654621136,0.011086530654621136,0.00353703328995596,3.134415128662579,0.001721970582700924,0.000860985291350462,59,0.0027551529323214786,0.005510305864642957
rank_ic,W120_PC123_N60,120,PC123,60,False,10,0.0,4261,0.010203607028491917,0.010203607028491917,0.004772348978696587,2.1380680822043954,0.0325112179777548,0.0162556089888774,59,0.029895372853107866,0.05979074570621573
rank_ic,W120_PC123_N60,120,PC123,60,False,20,0.0,4251,0.008368028113145992,0.008368028113145992,0.00653491136567534,1.2805113405361714,0.20036535891800045,0.10018267945900022,59,0.12621439931842546,0.2524287986368509
rank_ic,W120_PC123_N60,120,PC123,60,False,60,0.0,4211,0.01713539080945246,0.01713539080945246,0.009450977745258892,1.8130812780771253,0.0698192862944437,0.03490964314722185,59,0.05572010449044602,0.11144020898089203
rank_ic,W252_PC1_N5,252,PC1,5,False,5,0.0,4321,0.02538692643099812,0.02538692643099812,0.003494419611350223,7.264990829532565,3.730635798533916e-13,1.865317899266958e-13,4,4.974181064711888e-12,9.948362129423775e-12
rank_ic,W252_PC1_N5,252,PC1,5,False,10,0.0,4316,0.01486643342059619,0.01486643342059619,0.0040150460367922814,3.7026806876848037,0.00021333332021230094,0.00010666666010615047,9,0.0005333333005307524,0.0010666666010615048
rank_ic,W252_PC1_N5,252,PC1,5,False,20,0.0,4306,0.013854691780225744,0.013854691780225744,0.0040302655032029245,3.4376623002169886,0.0005867589663480613,0.00029337948317403065,19,0.001144895544093778,0.002289791088187556
rank_ic,W252_PC1_N5,252,PC1,5,False,60,0.0,4266,0.00497951115022464,0.00497951115022464,0.003705835780093741,1.3436944985453945,0.17904719706706773,0.08952359853353387,59,0.12060724724633258,0.24121449449266516
rank_ic,W252_PC1_N10,252,PC1,10,False,5,0.0,4316,0.01758224574470417,0.01758224574470417,0.004135480053601574,4.2515610078669965,2.1228566367194748e-05,1.0614283183597374e-05,9,8.496948823693944e-05,0.00016993897647387887
rank_ic,W252_PC1_N10,252,PC1,10,False,10,0.0,4311,0.01296881666333254,0.01296881666333254,0.004716714531768808,2.7495445348627285,0.005967815261101202,0.002983907630550601,9,0.007332193369699105,0.01466438673939821
rank_ic,W252_PC1_N10,252,PC1,10,False,20,0.0,4301,0.013894166156531619,0.013894166156531619,0.005256191909281883,2.643390195094662,0.008208038390591142,0.004104019195295571,19,0.009516566249960745,0.01903313249992149
rank_ic,W252_PC1_N10,252,PC1,10,False,60,0.0,4261,0.005159354094595867,0.005159354094595867,0.005137241674235872,1.0043043371836862,0.3152319437439633,0.15761597187198165,59,0.18680411481123751,0.37360822962247503
rank_ic,W252_PC1_N20,252,PC1,20,False,5,0.0,4306,0.018742548147511952,0.018742548147511952,0.004327794782694964,4.330738652963754,1.4860998127747461e-05,7.4304990638737305e-06,19,7.018164375146432e-05,0.00014036328750292865
rank_ic,W252_PC1_N20,252,PC1,20,False,10,0.0,4301,0.017602996397157223,0.017602996397157223,0.005539766341262156,3.1775701920934507,0.0014851473559753321,0.0007425736779876661,19,0.002424730377102583,0.004849460754205166
rank_ic,W252_PC1_N20,252,PC1,20,False,20,0.0,4291,0.01600531752067859,0.01600531752067859,0.006544985363588111,2.445432133388929,0.014467867496528185,0.007233933748264093,19,0.014534002953721491,0.029068005907442983
rank_ic,W252_PC1_N20,252,PC1,20,False,60,0.0,4251,0.007274257491472126,0.007274257491472126,0.007090931306631535,1.025853611734913,0.3049605910818382,0.1524802955409191,59,0.18206602452647058,0.36413204905294116
rank_ic,W252_PC1_N60,252,PC1,60,False,5,0.0,4266,0.014279568736433438,0.014279568736433438,0.004231915526294504,3.3742565624736685,0.0007401534883253161,0.00037007674416265803,59,0.0013245069245517917,0.0026490138491035834
rank_ic,W252_PC1_N60,252,PC1,60,False,10,0.0,4261,0.014772600317135913,0.014772600317135913,0.005739008743576712,2.5740682715756265,0.010051043796048594,0.005025521898024297,59,0.011167826440053994,0.022335652880107987
rank_ic,W252_PC1_N60,252,PC1,60,False,20,0.0,4251,0.014257008983620558,0.014257008983620558,0.0077335622399531505,1.8435241795774215,0.06525251471436178,0.03262625735718089,59,0.05381650698091693,0.10763301396183386
rank_ic,W252_PC1_N60,252,PC1,60,False,60,0.0,4211,0.016488073023852846,0.016488073023852846,0.010295769477654109,1.6014415493313525,0.10927915631720661,0.054639578158603305,59,0.08094752319793083,0.16189504639586166
rank_ic,W252_PC12_N5,252,PC12,5,False,5,0.0,4321,0.0244685561727457,0.0244685561727457,0.003118953361245778,7.845117684918644,4.3254765808088436e-15,2.1627382904044218e-15,4,1.437115207504685e-13,2.87423041500937e-13
rank_ic,W252_PC12_N5,252,PC12,5,False,10,0.0,4316,0.01471413121393041,0.01471413121393041,0.0035436744456803413,4.1522243195524355,3.292592778657215e-05,1.6462963893286076e-05,9,0.000119730646496626,0.000239461292993252
rank_ic,W252_PC12_N5,252,PC12,5,False,20,0.0,4306,0.014384348747814045,0.014384348747814045,0.0036914992111948828,3.896614336037755,9.754676681295243e-05,4.8773383406476214e-05,19,0.00027870504803700696,0.0005574100960740139
rank_ic,W252_PC12_N5,252,PC12,5,False,60,0.0,4266,0.004382945549977835,0.004382945549977835,0.0034104647094405226,1.2851461379575,0.19874122137860903,0.09937061068930451,59,0.12621439931842546,0.2524287986368509
rank_ic,W252_PC12_N10,252,PC12,10,False,5,0.0,4316,0.018131186886739963,0.018131186886739963,0.003667003652162841,4.94441473382389,7.637295921209723e-07,3.8186479606048613e-07,9,5.091530614139815e-06,1.018306122827963e-05
rank_ic,W252_PC12_N10,252,PC12,10,False,10,0.0,4311,0.01415503484642288,0.01415503484642288,0.004197259808680164,3.372446665595847,0.0007450351450603829,0.00037251757253019144,9,0.0013245069245517917,0.0026490138491035834
rank_ic,W252_PC12_N10,252,PC12,10,False,20,0.0,4301,0.014797662080352545,0.014797662080352545,0.004946572788345082,2.9914978943033463,0.0027761245277811036,0.0013880622638905518,19,0.004270960811970929,0.008541921623941857
rank_ic,W252_PC12_N10,252,PC12,10,False,60,0.0,4261,0.005207313251171136,0.005207313251171136,0.004823299892019547,1.0796163140896469,0.28031307359909885,0.14015653679954942,59,0.17383756502269695,0.3476751300453939
rank_ic,W252_PC12_N20,252,PC12,20,False,5,0.0,4306,0.019482786902499636,0.019482786902499636,0.003967807795009012,4.910214382613607,9.097687679509616e-07,4.548843839754808e-07,19,5.198678674005495e-06,1.039735734801099e-05
rank_ic,W252_PC12_N20,252,PC12,20,False,10,0.0,4301,0.01822706752201205,0.01822706752201205,0.005122013415800782,3.5585747326986277,0.00037287270122221403,0.00018643635061110702,19,0.0007927117730987045,0.001585423546197409
rank_ic,W252_PC12_N20,252,PC12,20,False,20,0.0,4291,0.017175242408964626,0.017175242408964626,0.006150382173913766,2.792548808074352,0.005229457762534692,0.002614728881267346,19,0.006747687435528635,0.01349537487105727
rank_ic,W252_PC12_N20,252,PC12,20,False,60,0.0,4251,0.007174404185100548,0.007174404185100548,0.006771144865813291,1.0595555592560524,0.28934684050140663,0.14467342025070332,59,0.17536172151600402,0.35072344303200803
rank_ic,W252_PC12_N60,252,PC12,60,False,5,0.0,4266,0.013713129644135184,0.013713129644135184,0.004048270327242056,3.387404628553414,0.0007055724337794024,0.0003527862168897012,59,0.001312692900054702,0.002625385800109404
rank_ic,W252_PC12_N60,252,PC12,60,False,10,0.0,4261,0.014054444639460763,0.014054444639460763,0.005571158437613513,2.5227149428335394,0.011645275736941352,0.005822637868470676,59,0.01258948728317984,0.02517897456635968
rank_ic,W252_PC12_N60,252,PC12,60,False,20,0.0,4251,0.013112036318335074,0.013112036318335074,0.007463356456542747,1.7568551622427755,0.07894249987455229,0.039471249937276146,59,0.06072499990350176,0.12144999980700352
rank_ic,W252_PC12_N60,252,PC12,60,False,60,0.0,4211,0.01544669183382696,0.01544669183382696,0.010313883788749796,1.4976600619328233,0.13422159325719976,0.06711079662859988,59,0.09673628342861244,0.1934725668572249
rank_ic,W252_PC123_N5,252,PC123,5,False,5,0.0,4321,0.024785719582215582,0.024785719582215582,0.002979413329734839,8.318993318198471,8.871355049384132e-17,4.435677524692066e-17,4,7.097084039507305e-15,1.419416807901461e-14
rank_ic,W252_PC123_N5,252,PC123,5,False,10,0.0,4316,0.015848318384452158,0.015848318384452158,0.0034197784821724878,4.634311393872556,3.5812757352195697e-06,1.7906378676097848e-06,9,1.9100137254504373e-05,3.8200274509008745e-05
rank_ic,W252_PC123_N5,252,PC123,5,False,20,0.0,4306,0.014229298345675026,0.014229298345675026,0.0035464375386120442,4.012279418642713,6.013526094356626e-05,3.006763047178313e-05,19,0.00019243283501941204,0.0003848656700388241
rank_ic,W252_PC123_N5,252,PC123,5,False,60,0.0,4266,0.005013984232205188,0.005013984232205188,0.0033998061667483304,1.4747853219528402,0.1402702686282029,0.07013513431410145,59,0.09930638486952419,0.19861276973904837
rank_ic,W252_PC123_N10,252,PC123,10,False,5,0.0,4316,0.01885339096330457,0.01885339096330457,0.0035675660418048043,5.284664878625985,1.259350809403635e-07,6.296754047018175e-08,9,9.158914977480982e-07,1.8317829954961964e-06
rank_ic,W252_PC123_N10,252,PC123,10,False,10,0.0,4311,0.014679428620116598,0.014679428620116598,0.004116527955609406,3.565973261547661,0.0003625083334387371,0.00018125416671936856,9,0.0007927117730987045,0.001585423546197409
rank_ic,W252_PC123_N10,252,PC123,10,False,20,0.0,4301,0.013889810298891686,0.013889810298891686,0.00471332848514612,2.9469217650891317,0.003209543945434806,0.001604771972717403,19,0.004844594634618575,0.00968918926923715
rank_ic,W252_PC123_N10,252,PC123,10,False,60,0.0,4261,0.0060302825693661416,0.0060302825693661416,0.004658432545205174,1.2944874720946606,0.19549709384813854,0.09774854692406927,59,0.1261271573213797,0.2522543146427594
rank_ic,W252_PC123_N20,252,PC123,20,False,5,0.0,4306,0.018777241961339498,0.018777241961339498,0.0038240652279663096,4.910282864428412,9.094510968194032e-07,4.547255484097016e-07,19,5.198678674005495e-06,1.039735734801099e-05
rank_ic,W252_PC123_N20,252,PC123,20,False,10,0.0,4301,0.0171169924208212,0.0171169924208212,0.004834073231109051,3.5409046579325723,0.0003987576431021621,0.00019937882155108105,19,0.0008179643961069991,0.0016359287922139982
rank_ic,W252_PC123_N20,252,PC123,20,False,20,0.0,4291,0.014336704809317235,0.014336704809317235,0.0057510118500998155,2.4929012812012212,0.01267040681387809,0.006335203406939045,19,0.01333727033039799,0.02667454066079598
rank_ic,W252_PC123_N20,252,PC123,20,False,60,0.0,4251,0.00821387927325527,0.00821387927325527,0.00639835449256384,1.2837487017640912,0.19922989785075185,0.09961494892537592,59,0.12621439931842546,0.2524287986368509
rank_ic,W252_PC123_N60,252,PC123,60,False,5,0.0,4266,0.013954799521368879,0.013954799521368879,0.003869412338011999,3.6064389892700044,0.0003104278035955625,0.00015521390179778124,59,0.0007304183614013235,0.001460836722802647
rank_ic,W252_PC123_N60,252,PC123,60,False,10,0.0,4261,0.014817030408603478,0.014817030408603478,0.005171829140599141,2.8649497123346515,0.004170754698688212,0.002085377349344106,59,0.0057527651016389125,0.011505530203277825
rank_ic,W252_PC123_N60,252,PC123,60,False,20,0.0,4251,0.014159738612971741,0.014159738612971741,0.006908999654951344,2.0494629208476143,0.040416870023662343,0.020208435011831172,59,0.035145104368402035,0.07029020873680407
rank_ic,W252_PC123_N60,252,PC123,60,False,60,0.0,4211,0.01930001754337669,0.01930001754337669,0.010091033873398183,1.9125907003696696,0.05580047113730178,0.02790023556865089,59,0.04748976267004407,0.09497952534008813
quintile_ic,RAW_N5,RAW,RAW,5,True,5,0.0,4325,0.02419927099166124,0.02419927099166124,0.00366370323055439,6.605139518355426,3.9714314726024276e-11,1.9857157363012138e-11,4,3.530161308979936e-10,7.060322617959872e-10
quintile_ic,RAW_N5,RAW,RAW,5,True,10,0.0,4320,0.012196655318227924,0.012196655318227924,0.004249930454462288,2.869848212556475,0.004106688825470573,0.0020533444127352864,9,0.006180051539235023,0.012360103078470045
quintile_ic,RAW_N5,RAW,RAW,5,True,20,0.0,4310,0.011889119360381225,0.011889119360381225,0.004393578531629186,2.706021816792839,0.0068094572221049105,0.0034047286110524553,19,0.008841412463169648,0.017682824926339297
quintile_ic,RAW_N5,RAW,RAW,5,True,60,0.0,4270,0.00626653753877294,0.00626653753877294,0.004551455894126047,1.3768204470267018,0.1685677675472847,0.08428388377364235,59,0.11829317020862085,0.2365863404172417
quintile_ic,RAW_N10,RAW,RAW,10,True,5,0.0,4325,0.015435757687564914,0.015435757687564914,0.004374011319824978,3.5289706767797213,0.000417179353399314,0.000208589676699657,9,0.0009270652297762533,0.0018541304595525066
quintile_ic,RAW_N10,RAW,RAW,10,True,10,0.0,4320,0.010455777140318619,0.010455777140318619,0.004969632795285974,2.1039335441919604,0.03538424439932247,0.017692122199661237,9,0.032537236229262044,0.06507447245852409
quintile_ic,RAW_N10,RAW,RAW,10,True,20,0.0,4310,0.012270284333155608,0.012270284333155608,0.005772860062469292,2.1255121725412303,0.03354389946083883,0.016771949730419414,19,0.031203627405431467,0.062407254810862935
quintile_ic,RAW_N10,RAW,RAW,10,True,60,0.0,4270,0.0070202716569885085,0.0070202716569885085,0.006211363469878466,1.1302303738998338,0.25837916421054463,0.12918958210527232,59,0.16275852863656354,0.3255170572731271
quintile_ic,RAW_N20,RAW,RAW,20,True,5,0.0,4325,0.01798309292372991,0.01798309292372991,0.004794996282787797,3.7503872502012854,0.00017656168310031605,8.828084155015803e-05,19,0.00047083115493417617,0.0009416623098683523
quintile_ic,RAW_N20,RAW,RAW,20,True,10,0.0,4320,0.016892675773268636,0.016892675773268636,0.006172406281903047,2.7368055506644917,0.0062038951599209585,0.0031019475799604792,19,0.00841206123379113,0.01682412246758226
quintile_ic,RAW_N20,RAW,RAW,20,True,20,0.0,4310,0.01728498809859919,0.01728498809859919,0.00736423628322517,2.3471528389131513,0.018917493020488504,0.009458746510244252,19,0.018917493020488504,0.03783498604097701
quintile_ic,RAW_N20,RAW,RAW,20,True,60,0.0,4270,0.009276790986946115,0.009276790986946115,0.008564622107232621,1.0831523995801384,0.27874078385334145,0.13937039192667072,59,0.1728625016144753,0.3457250032289506
quintile_ic,RAW_N60,RAW,RAW,60,True,5,0.0,4325,0.013229746170245405,0.013229746170245405,0.004980541107948004,2.6562869141132532,0.007900636367126948,0.003950318183563474,59,0.0100325541169866,0.0200651082339732
quintile_ic,RAW_N60,RAW,RAW,60,True,10,0.0,4320,0.013908376532362952,0.013908376532362952,0.006858041725959803,2.0280390653960967,0.0425562611040786,0.0212781305520393,59,0.03763209436222643,0.07526418872445285
quintile_ic,RAW_N60,RAW,RAW,60,True,20,0.0,4310,0.01349299484815174,0.01349299484815174,0.009429133739454353,1.430989868315576,0.1524331188838386,0.0762165594419193,59,0.10986170730366746,0.2197234146073349
quintile_ic,RAW_N60,RAW,RAW,60,True,60,0.0,4270,0.013066198490936633,0.013066198490936633,0.012908867265567423,1.01218784128247,0.31144824857665415,0.15572412428832708,59,0.18733729237693483,0.37467458475386967
quintile_ic,W60_PC1_N5,60,PC1,5,False,5,0.0,4321,0.02000924422138883,0.02000924422138883,0.0032571176548276417,6.143236548956555,8.085672990449586e-10,4.042836495224793e-10,4,6.468538392359669e-09,1.2937076784719339e-08
quintile_ic,W60_PC1_N5,60,PC1,5,False,10,0.0,4316,0.010362604783661519,0.010362604783661519,0.0038046251017747348,2.723686173133773,0.006455781843366256,0.003227890921683128,9,0.008607709124488343,0.017215418248976686
quintile_ic,W60_PC1_N5,60,PC1,5,False,20,0.0,4306,0.008671940461826831,0.008671940461826831,0.0038768502230674354,2.236852073940951,0.025296009786467444,0.012648004893233722,19,0.024679033938017018,0.049358067876034036
quintile_ic,W60_PC1_N5,60,PC1,5,False,60,0.0,4266,0.00046877311889304164,0.00046877311889304164,0.0035020186234522655,0.13385797429909962,0.8935148827828271,0.44675744139141355,59,0.4797395343800414,0.93439464866178
quintile_ic,W60_PC1_N10,60,PC1,10,False,5,0.0,4316,0.01325324990296203,0.01325324990296203,0.00391814213258715,3.3825342354823933,0.0007182032540612759,0.00035910162703063793,9,0.0013680061982119542,0.0027360123964239084
quintile_ic,W60_PC1_N10,60,PC1,10,False,10,0.0,4311,0.006905794983686993,0.006905794983686993,0.004506654556203369,1.5323550757138085,0.1254348369718782,0.0627174184859391,9,0.09291469405324311,0.18582938810648622
quintile_ic,W60_PC1_N10,60,PC1,10,False,20,0.0,4301,0.0065997732406045525,0.0065997732406045525,0.004950151518410565,1.3332467129660026,0.1824508543183682,0.0912254271591841,19,0.12692233343886483,0.25384466687772966
quintile_ic,W60_PC1_N10,60,PC1,10,False,60,0.0,4261,-0.0008108322789511397,-0.0008108322789511397,0.0045882231911465645,-0.17672032182647995,0.8597280775979232,0.5701359612010384,59,0.5773528721023173,0.9276969185229347
quintile_ic,W60_PC1_N20,60,PC1,20,False,5,0.0,4306,0.0128911946918612,0.0128911946918612,0.004143635321253424,3.111083310285543,0.0018640234223370996,0.0009320117111685498,19,0.0031067057038951656,0.006213411407790331
quintile_ic,W60_PC1_N20,60,PC1,20,False,10,0.0,4301,0.009177056648220784,0.009177056648220784,0.005209435346741718,1.7616221408642005,0.07813316053487393,0.039066580267436965,19,0.06378217186520321,0.12756434373040643
quintile_ic,W60_PC1_N20,60,PC1,20,False,20,0.0,4291,0.007086068497955826,0.007086068497955826,0.005871852520062322,1.2067858437767127,0.22751462919427604,0.11375731459713802,19,0.14797699459790312,0.29595398919580623
quintile_ic,W60_PC1_N20,60,PC1,20,False,60,0.0,4251,-0.0009331774552289378,-0.0009331774552289378,0.006050842983390736,-0.15422271868406826,0.8774341295658856,0.5612829352170572,59,0.5720080868454086,0.93439464866178
quintile_ic,W60_PC1_N60,60,PC1,60,False,5,0.0,4266,0.009951702569605977,0.009951702569605977,0.0041525266316097004,2.3965415402401073,0.016550617347883288,0.008275308673941644,59,0.017195446595203417,0.034390893190406835
quintile_ic,W60_PC1_N60,60,PC1,60,False,10,0.0,4261,0.006727585399241212,0.006727585399241212,0.005544872575282081,1.2132984677107685,0.22501572854352914,0.11250786427176457,59,0.14755129740559286,0.2951025948111857
quintile_ic,W60_PC1_N60,60,PC1,60,False,20,0.0,4251,0.0032054217221380967,0.0032054217221380967,0.0074095919992651,0.4326043488569975,0.665302229518437,0.3326511147592185,59,0.3829077579962227,0.7658155159924454
quintile_ic,W60_PC1_N60,60,PC1,60,False,60,0.0,4211,0.007957592843350911,0.007957592843350911,0.008492058610355308,0.9370628735001117,0.34872621744635374,0.17436310872317687,59,0.2051330690860904,0.4102661381721808
quintile_ic,W60_PC12_N5,60,PC12,5,False,5,0.0,4321,0.021532043847038898,0.021532043847038898,0.002879206005571509,7.47846587058118,7.519522313868473e-14,3.7597611569342366e-14,4,1.2031235702189557e-12,2.4062471404379114e-12
quintile_ic,W60_PC12_N5,60,PC12,5,False,10,0.0,4316,0.010698710922979976,0.010698710922979976,0.0033400784951734233,3.203131584613995,0.0013594185199568372,0.0006797092599784186,9,0.0023241667677984636,0.004648333535596927
quintile_ic,W60_PC12_N5,60,PC12,5,False,20,0.0,4306,0.009443772735741155,0.009443772735741155,0.003365693038278529,2.80589246503936,0.0050177434697313405,0.0025088717348656702,19,0.007042446975061531,0.014084893950123061
quintile_ic,W60_PC12_N5,60,PC12,5,False,60,0.0,4266,-2.2007130646107866e-05,-2.2007130646107866e-05,0.0029545200995758163,-0.007448631217390416,0.9940569071084667,0.5029715464457667,59,0.5225678404631342,0.9940569071084667
quintile_ic,W60_PC12_N10,60,PC12,10,False,5,0.0,4316,0.014121353430656756,0.014121353430656756,0.003460345869024811,4.080908084091725,4.486009372225311e-05,2.2430046861126555e-05,9,0.00015850043363924173,0.00031700086727848347
quintile_ic,W60_PC12_N10,60,PC12,10,False,10,0.0,4311,0.008174060374105509,0.008174060374105509,0.003941133398969354,2.074037985175307,0.03807578322653865,0.019037891613269325,9,0.03461434838776241,0.06922869677552482
quintile_ic,W60_PC12_N10,60,PC12,10,False,20,0.0,4301,0.007181201465536431,0.007181201465536431,0.004294964025482698,1.672005032621748,0.09452332969046294,0.04726166484523147,19,0.07413594485526505,0.1482718897105301
quintile_ic,W60_PC12_N10,60,PC12,10,False,60,0.0,4261,-0.0002896106432753777,-0.0002896106432753777,0.003893787620177661,-0.0743776167386766,0.9407099187179297,0.5296450406410351,59,0.5432256827087539,0.9648306858645435
quintile_ic,W60_PC12_N20,60,PC12,20,False,5,0.0,4306,0.014305257491392801,0.014305257491392801,0.0035639607703699303,4.013865026327983,5.97325116823557e-05,2.986625584117785e-05,19,0.00018379234363801754,0.0003675846872760351
quintile_ic,W60_PC12_N20,60,PC12,20,False,10,0.0,4301,0.009633219917900289,0.009633219917900289,0.004465869701978459,2.15707590251292,0.03099975085990495,0.015499875429952474,19,0.029176236103439952,0.058352472206879905
quintile_ic,W60_PC12_N20,60,PC12,20,False,20,0.0,4291,0.006230212857144272,0.006230212857144272,0.005200505058383986,1.1980014993159642,0.23091643329377995,0.11545821664688997,19,0.1489783440605032,0.2979566881210064
quintile_ic,W60_PC12_N20,60,PC12,20,False,60,0.0,4251,-0.00199626136042552,-0.00199626136042552,0.005158650306313049,-0.38697357678665234,0.6987757696253794,0.6506121151873103,59,0.6506121151873103,0.7986008795718621
quintile_ic,W60_PC12_N60,60,PC12,60,False,5,0.0,4266,0.008939078242517162,0.008939078242517162,0.0036633621221783524,2.440129570702036,0.014681994824708063,0.007340997412354031,59,0.015872426837522227,0.031744853675044454
quintile_ic,W60_PC12_N60,60,PC12,60,False,10,0.0,4261,0.00561334919444996,0.00561334919444996,0.0048667257626960145,1.1534139107399262,0.24874053447466096,0.12437026723733048,59,0.15919394206378304,0.3183878841275661
quintile_ic,W60_PC12_N60,60,PC12,60,False,20,0.0,4251,0.0006852979594018018,0.0006852979594018018,0.006301933694867915,0.10874407643480692,0.9134054811871646,0.4567027405935823,59,0.48593819495860197,0.9467957088870825
quintile_ic,W60_PC12_N60,60,PC12,60,False,60,0.0,4211,0.0010231149639804353,0.0010231149639804353,0.007516102416667871,0.13612307380372485,0.8917239870464854,0.4458619935232427,59,0.4797395343800414,0.93439464866178
quintile_ic,W60_PC123_N5,60,PC123,5,False,5,0.0,4321,0.021054511510494367,0.021054511510494367,0.0027544778964695466,7.6437395041289795,2.110020841551713e-14,1.0550104207758565e-14,4,4.220041683103426e-13,8.440083366206852e-13
quintile_ic,W60_PC123_N5,60,PC123,5,False,10,0.0,4316,0.011415674202101461,0.011415674202101461,0.003218123383801762,3.547307806643337,0.00038918959678110285,0.00019459479839055143,9,0.0008895762212139494,0.0017791524424278988
quintile_ic,W60_PC123_N5,60,PC123,5,False,20,0.0,4306,0.009798705770957232,0.009798705770957232,0.003257274230860649,3.0082532438075322,0.002627540838928985,0.0013137704194644926,19,0.004121632688516055,0.00824326537703211
quintile_ic,W60_PC123_N5,60,PC123,5,False,60,0.0,4266,0.0005446145885686047,0.0005446145885686047,0.002850308952436123,0.19107212504213952,0.8484690862676122,0.4242345431338061,59,0.4681208751821308,0.9235037673661084
quintile_ic,W60_PC123_N10,60,PC123,10,False,5,0.0,4316,0.014342879108735478,0.014342879108735478,0.0033404079325676057,4.293750762862912,1.7567968392197675e-05,8.783984196098838e-06,9,8.783984196098838e-05,0.00017567968392197676
quintile_ic,W60_PC123_N10,60,PC123,10,False,10,0.0,4311,0.008536132224864603,0.008536132224864603,0.003845416308657247,2.219820050600782,0.026430985294577755,0.013215492647288878,9,0.025475648476701453,0.050951296953402905
quintile_ic,W60_PC123_N10,60,PC123,10,False,20,0.0,4301,0.007669889037289162,0.007669889037289162,0.00416749773703582,1.8404062872375928,0.06570861110787565,0.032854305553937826,19,0.055333567248737385,0.11066713449747477
quintile_ic,W60_PC123_N10,60,PC123,10,False,60,0.0,4261,0.00023434938191858287,0.00023434938191858287,0.003689014932866758,0.06352627630500493,0.9493474360313522,0.4746737180156761,59,0.4996565452796591,0.9674878328981933
quintile_ic,W60_PC123_N20,60,PC123,20,False,5,0.0,4306,0.014225845898637658,0.014225845898637658,0.003515351238560089,4.046777955668708,5.192745566751957e-05,2.5963727833759786e-05,19,0.0001730915188917319,0.0003461830377834638
quintile_ic,W60_PC123_N20,60,PC123,20,False,10,0.0,4301,0.009417226280961625,0.009417226280961625,0.004349755609015555,2.1650012385622164,0.030387590421604858,0.015193795210802429,19,0.028940562306290343,0.05788112461258069
quintile_ic,W60_PC123_N20,60,PC123,20,False,20,0.0,4291,0.006059065195019111,0.006059065195019111,0.004913239167180373,1.233211937959924,0.21749670258942513,0.10874835129471257,19,0.14499780172628343,0.28999560345256686
quintile_ic,W60_PC123_N20,60,PC123,20,False,60,0.0,4251,-0.000966017820802472,-0.000966017820802472,0.004925167931179873,-0.19613906252553967,0.8445013225401332,0.5777493387299334,59,0.5813829823697443,0.9235037673661084
quintile_ic,W60_PC123_N60,60,PC123,60,False,5,0.0,4266,0.009051976872028881,0.009051976872028881,0.0034991795613463672,2.586885500824651,0.009684776830446223,0.0048423884152231115,59,0.011576814993739486,0.023153629987478972
quintile_ic,W60_PC123_N60,60,PC123,60,False,10,0.0,4261,0.006163567173448025,0.006163567173448025,0.00468957840783674,1.314311572901331,0.18874137430390164,0.09437068715195082,59,0.13016646503717355,0.2603329300743471
quintile_ic,W60_PC123_N60,60,PC123,60,False,20,0.0,4251,0.002305773510407677,0.002305773510407677,0.006143577745910149,0.3753144512483231,0.7074266198492682,0.3537133099246341,59,0.4030318419311371,0.8003871790463427
quintile_ic,W60_PC123_N60,60,PC123,60,False,60,0.0,4211,0.007155440410433924,0.007155440410433924,0.0074317650453579135,0.9628184377146598,0.3356386462763779,0.16781932313818895,59,0.1988969755711869,0.3977939511423738
quintile_ic,W120_PC1_N5,120,PC1,5,False,5,0.0,4321,0.021929235706153738,0.021929235706153738,0.0033035405294142076,6.63810100433134,3.177501110013803e-11,1.5887505550069014e-11,4,3.177501110013803e-10,6.355002220027606e-10
quintile_ic,W120_PC1_N5,120,PC1,5,False,10,0.0,4316,0.012182079156258012,0.012182079156258012,0.0038046919119177,3.20185692778415,0.0013654479760815974,0.0006827239880407987,9,0.0023241667677984636,0.004648333535596927
quintile_ic,W120_PC1_N5,120,PC1,5,False,20,0.0,4306,0.010012179232591043,0.010012179232591043,0.0038725599155466535,2.585416223619026,0.009726150591126925,0.004863075295563462,19,0.011576814993739486,0.023153629987478972
quintile_ic,W120_PC1_N5,120,PC1,5,False,60,0.0,4266,0.0008773078439696155,0.0008773078439696155,0.0035270635458080467,0.24873604701914298,0.8035649634608035,0.40178248173040176,59,0.4495468327053446,0.8928499594008927
quintile_ic,W120_PC1_N10,120,PC1,10,False,5,0.0,4316,0.014948208337840236,0.014948208337840236,0.003920296318432178,3.8130302210977733,0.00013727331957339096,6.863665978669548e-05,9,0.00037868501951280264,0.0007573700390256053
quintile_ic,W120_PC1_N10,120,PC1,10,False,10,0.0,4311,0.009098827371875234,0.009098827371875234,0.004491932623572367,2.025593020725024,0.04280650733703256,0.02140325366851628,9,0.03763209436222643,0.07526418872445285
quintile_ic,W120_PC1_N10,120,PC1,10,False,20,0.0,4301,0.008650056748623633,0.008650056748623633,0.004967962041884888,1.7411680434944963,0.08165412702623863,0.040827063513119315,19,0.06598313295049586,0.13196626590099172
quintile_ic,W120_PC1_N10,120,PC1,10,False,60,0.0,4261,-0.000161478965107179,-0.000161478965107179,0.00482204545746319,-0.03348764886843908,0.9732857150841722,0.5133571424579139,59,0.5299170502791369,0.9794070088897331
quintile_ic,W120_PC1_N20,120,PC1,20,False,5,0.0,4306,0.015150336544437213,0.015150336544437213,0.004085651432671523,3.7081813742810463,0.00020875311715366795,0.00010437655857683398,19,0.0005218827928841699,0.0010437655857683398
quintile_ic,W120_PC1_N20,120,PC1,20,False,10,0.0,4301,0.01241129776940392,0.01241129776940392,0.005149342764094269,2.410268327046777,0.01594079178570166,0.00797039589285083,19,0.01700351123808177,0.03400702247616354
quintile_ic,W120_PC1_N20,120,PC1,20,False,20,0.0,4291,0.00954404547950122,0.00954404547950122,0.005977736144516928,1.596598653531318,0.11035519926364747,0.05517759963182373,19,0.08328694284048865,0.1665738856809773
quintile_ic,W120_PC1_N20,120,PC1,20,False,60,0.0,4251,0.0002516390264449475,0.0002516390264449475,0.0065571495551091505,0.03837628291532214,0.9693876705409336,0.4846938352704668,59,0.5068693702174816,0.9794070088897331
quintile_ic,W120_PC1_N60,120,PC1,60,False,5,0.0,4266,0.0104558811873652,0.0104558811873652,0.004067352821495179,2.5706845819000197,0.010149772240874726,0.005074886120437363,59,0.011767851873477942,0.023535703746955884
quintile_ic,W120_PC1_N60,120,PC1,60,False,10,0.0,4261,0.009080883172332344,0.009080883172332344,0.0054645123493585485,1.6617920487265991,0.09655447707247913,0.04827723853623957,59,0.07499376859998379,0.14998753719996757
quintile_ic,W120_PC1_N60,120,PC1,60,False,20,0.0,4251,0.005936362096361092,0.005936362096361092,0.007310556331726914,0.8120260383738529,0.4167766906676056,0.2083883453338028,59,0.24337325002487914,0.4867465000497583
quintile_ic,W120_PC1_N60,120,PC1,60,False,60,0.0,4211,0.012611716215741708,0.012611716215741708,0.009159329281478695,1.3769257363903455,0.16853520928088575,0.08426760464044288,59,0.11829317020862085,0.2365863404172417
quintile_ic,W120_PC12_N5,120,PC12,5,False,5,0.0,4321,0.02113653166866147,0.02113653166866147,0.00292371543832659,7.229339555958673,4.853485282449346e-13,2.426742641224673e-13,4,6.471313709932462e-12,1.2942627419864924e-11
quintile_ic,W120_PC12_N5,120,PC12,5,False,10,0.0,4316,0.011593782161028864,0.011593782161028864,0.0033795912867134303,3.4305278885671213,0.0006024080450350035,0.00030120402251750176,9,0.0012357088103282124,0.0024714176206564248
quintile_ic,W120_PC12_N5,120,PC12,5,False,20,0.0,4306,0.009759430443633544,0.009759430443633544,0.0034481315603116076,2.8303532718895403,0.004649663272076611,0.0023248316360383057,19,0.006642376102966587,0.013284752205933174
quintile_ic,W120_PC12_N5,120,PC12,5,False,60,0.0,4266,0.00043909815464740655,0.00043909815464740655,0.0031547599518203266,0.13918591631481905,0.889303237326453,0.4446516186632265,59,0.4797395343800414,0.93439464866178
quintile_ic,W120_PC12_N10,120,PC12,10,False,5,0.0,4316,0.014623410465905337,0.014623410465905337,0.0034738259126724535,4.209597957272241,2.5582550920541666e-05,1.2791275460270833e-05,9,0.00010233020368216666,0.00020466040736433333
quintile_ic,W120_PC12_N10,120,PC12,10,False,10,0.0,4311,0.009523468065878837,0.009523468065878837,0.003962168259503738,2.4036001103778597,0.0162345212336456,0.0081172606168228,9,0.01708896971962695,0.0341779394392539
quintile_ic,W120_PC12_N10,120,PC12,10,False,20,0.0,4301,0.008312798873306796,0.008312798873306796,0.00450095918085078,1.8468949704483866,0.06476236382870566,0.03238118191435283,19,0.055116905386132474,0.11023381077226495
quintile_ic,W120_PC12_N10,120,PC12,10,False,60,0.0,4261,0.00044726770184848075,0.00044726770184848075,0.0043026838791517304,0.10395086285926707,0.9172083429843613,0.45860417149218063,59,0.48593819495860197,0.9467957088870825
quintile_ic,W120_PC12_N20,120,PC12,20,False,5,0.0,4306,0.014297219029279992,0.014297219029279992,0.003630686416553009,3.9378831958871956,8.220359018489691e-05,4.1101795092448455e-05,19,0.00024226863961544602,0.00048453727923089204
quintile_ic,W120_PC12_N20,120,PC12,20,False,10,0.0,4301,0.012012373117364505,0.012012373117364505,0.004585170552163436,2.6198312539752022,0.008797328648245619,0.004398664324122809,19,0.010827481413225376,0.02165496282645075
quintile_ic,W120_PC12_N20,120,PC12,20,False,20,0.0,4291,0.009400326592414715,0.009400326592414715,0.00543375492135386,1.7299872240230803,0.08363255787548755,0.04181627893774378,19,0.06690604630039004,0.13381209260078009
quintile_ic,W120_PC12_N20,120,PC12,20,False,60,0.0,4251,0.001130615152422331,0.001130615152422331,0.005876441786077681,0.1923979158784413,0.8474305247944693,0.42371526239723467,59,0.4681208751821308,0.9235037673661084
quintile_ic,W120_PC12_N60,120,PC12,60,False,5,0.0,4266,0.008845127858802601,0.008845127858802601,0.0035523374273453406,2.489945856695421,0.01277625569412062,0.00638812784706031,59,0.014395781063797882,0.028791562127595764
quintile_ic,W120_PC12_N60,120,PC12,60,False,10,0.0,4261,0.007495331514628012,0.007495331514628012,0.0047788949766441385,1.5684235688919501,0.11678231425384145,0.05839115712692072,59,0.08731387981595622,0.17462775963191243
quintile_ic,W120_PC12_N60,120,PC12,60,False,20,0.0,4251,0.004630715561517758,0.004630715561517758,0.006363838259566471,0.7276607878204027,0.46682125953899795,0.23341062976949897,59,0.2706210200226075,0.541242040045215
quintile_ic,W120_PC12_N60,120,PC12,60,False,60,0.0,4211,0.010596672896864123,0.010596672896864123,0.008729975801647612,1.2138261477041217,0.22481411918784772,0.11240705959392386,59,0.14755129740559286,0.2951025948111857
quintile_ic,W120_PC123_N5,120,PC123,5,False,5,0.0,4321,0.02177620524884443,0.02177620524884443,0.0027501032177213746,7.918322886399632,2.407355467804947e-15,1.2036777339024735e-15,4,6.419614580813192e-14,1.2839229161626384e-13
quintile_ic,W120_PC123_N5,120,PC123,5,False,10,0.0,4316,0.011806906805676328,0.011806906805676328,0.0031836349425408187,3.708624581263512,0.0002083881254593962,0.0001041940627296981,9,0.0005218827928841699,0.0010437655857683398
quintile_ic,W120_PC123_N5,120,PC123,5,False,20,0.0,4306,0.009889413141080126,0.009889413141080126,0.003242926045743834,3.0495339707359186,0.0022919671079874157,0.0011459835539937078,19,0.003741987115081495,0.00748397423016299
quintile_ic,W120_PC123_N5,120,PC123,5,False,60,0.0,4266,0.0008332619703121711,0.0008332619703121711,0.0030910423859038466,0.2695731297998744,0.7874886745740745,0.3937443372870372,59,0.44365559130933774,0.8811062093136498
quintile_ic,W120_PC123_N10,120,PC123,10,False,5,0.0,4316,0.01421409774183833,0.01421409774183833,0.0033254129452189264,4.274385760804379,1.916649452294488e-05,9.58324726147244e-06,9,9.019526834327002e-05,0.00018039053668654004
quintile_ic,W120_PC123_N10,120,PC123,10,False,10,0.0,4311,0.009001916530048488,0.009001916530048488,0.003806307094805698,2.3650000658993102,0.018030067722710874,0.009015033861355437,9,0.018492377151498332,0.036984754302996664
quintile_ic,W120_PC123_N10,120,PC123,10,False,20,0.0,4301,0.007650561906085584,0.007650561906085584,0.004196209814273145,1.8232076670863018,0.06827194428453365,0.034135972142266824,19,0.05689328690377804,0.11378657380755608
quintile_ic,W120_PC123_N10,120,PC123,10,False,60,0.0,4261,0.0007111336389527757,0.0007111336389527757,0.004149232780743825,0.17138918844299988,0.863917755374483,0.4319588776872415,59,0.4733795919860181,0.9276969185229347
quintile_ic,W120_PC123_N20,120,PC123,20,False,5,0.0,4306,0.014329441906240324,0.014329441906240324,0.0034892750916360165,4.106710285064305,4.0133409206974665e-05,2.0066704603487332e-05,19,0.00015288917793133204,0.0003057783558626641
quintile_ic,W120_PC123_N20,120,PC123,20,False,10,0.0,4301,0.010930952366176746,0.010930952366176746,0.004300189765017834,2.541969764939295,0.011022970835182269,0.005511485417591134,19,0.012597680954494022,0.025195361908988044
quintile_ic,W120_PC123_N20,120,PC123,20,False,20,0.0,4291,0.007339820301962379,0.007339820301962379,0.005058609078512239,1.4509562190010254,0.1467920517196222,0.0733960258598111,19,0.10675785579608887,0.21351571159217775
quintile_ic,W120_PC123_N20,120,PC123,20,False,60,0.0,4251,0.002109102242304485,0.002109102242304485,0.005678871063412942,0.3713946343830065,0.7103436214036292,0.3551718107018146,59,0.4030318419311371,0.8003871790463427
quintile_ic,W120_PC123_N60,120,PC123,60,False,5,0.0,4266,0.010078742540544382,0.010078742540544382,0.003376058197902436,2.9853580565661932,0.0028324656012547462,0.0014162328006273731,59,0.004357639386545763,0.008715278773091526
quintile_ic,W120_PC123_N60,120,PC123,60,False,10,0.0,4261,0.009251550606069801,0.009251550606069801,0.004547812324702065,2.034285925964609,0.04192277536064211,0.020961387680321054,59,0.03763209436222643,0.07526418872445285
quintile_ic,W120_PC123_N60,120,PC123,60,False,20,0.0,4251,0.007127207092242425,0.007127207092242425,0.006251396543207925,1.140098383294219,0.2542453154109295,0.12712265770546474,59,0.16142559708630444,0.3228511941726089
quintile_ic,W120_PC123_N60,120,PC123,60,False,60,0.0,4211,0.01601816111164998,0.01601816111164998,0.009063786358232738,1.767270374494265,0.07718295881215698,0.03859147940607849,59,0.06365604850487173,0.12731209700974347
quintile_ic,W252_PC1_N5,252,PC1,5,False,5,0.0,4321,0.024113455761318268,0.024113455761318268,0.003360089547377002,7.176432479349259,7.155396460487647e-13,3.5776982302438235e-13,4,8.177595954843026e-12,1.635519190968605e-11
quintile_ic,W252_PC1_N5,252,PC1,5,False,10,0.0,4316,0.013907067961891438,0.013907067961891438,0.0038417904295408953,3.619944454792494,0.0002946662637008857,0.00014733313185044284,9,0.0007143424574566925,0.001428684914913385
quintile_ic,W252_PC1_N5,252,PC1,5,False,20,0.0,4306,0.013181749065689008,0.013181749065689008,0.0038382827192077473,3.4342829932053123,0.000594123573553384,0.000297061786776692,19,0.0012357088103282124,0.0024714176206564248
quintile_ic,W252_PC1_N5,252,PC1,5,False,60,0.0,4266,0.004425079302194291,0.004425079302194291,0.0035842536906469714,1.234588755182546,0.2169835960976275,0.10849179804881375,59,0.14499780172628343,0.28999560345256686
quintile_ic,W252_PC1_N10,252,PC1,10,False,5,0.0,4316,0.016702582999842924,0.016702582999842924,0.003966570498529842,4.210837297870672,2.5442594162647557e-05,1.2721297081323779e-05,9,0.00010233020368216666,0.00020466040736433333
quintile_ic,W252_PC1_N10,252,PC1,10,False,10,0.0,4311,0.011792768724440773,0.011792768724440773,0.004493600828618968,2.624347193754876,0.00868152381742512,0.00434076190871256,9,0.010827481413225376,0.02165496282645075
quintile_ic,W252_PC1_N10,252,PC1,10,False,20,0.0,4301,0.01293512042109634,0.01293512042109634,0.005010910041906966,2.5813914664039177,0.009840292744678564,0.004920146372339282,19,0.011576814993739486,0.023153629987478972
quintile_ic,W252_PC1_N10,252,PC1,10,False,60,0.0,4261,0.005146374720028646,0.005146374720028646,0.00496136348923418,1.0372904003498085,0.29960053827990973,0.14980026913995487,59,0.18296216078162428,0.36592432156324856
quintile_ic,W252_PC1_N20,252,PC1,20,False,5,0.0,4306,0.017689989033753663,0.017689989033753663,0.0041764241311592265,4.2356782927704115,2.2786281732407042e-05,1.1393140866203521e-05,19,0.0001012723632551424,0.0002025447265102848
quintile_ic,W252_PC1_N20,252,PC1,20,False,10,0.0,4301,0.01601033406325935,0.01601033406325935,0.005294702084880187,3.0238403986844227,0.002495880707081889,0.0012479403535409445,19,0.003993409131331022,0.007986818262662045
quintile_ic,W252_PC1_N20,252,PC1,20,False,20,0.0,4291,0.014609098433822553,0.014609098433822553,0.006250980002588246,2.337089292842657,0.01943454163664251,0.009717270818321255,19,0.019194609023844456,0.03838921804768891
quintile_ic,W252_PC1_N20,252,PC1,20,False,60,0.0,4251,0.007140710120976036,0.007140710120976036,0.006820648473380426,1.046925398493229,0.2951339867006889,0.14756699335034446,59,0.18162091489273166,0.3632418297854633
quintile_ic,W252_PC1_N60,252,PC1,60,False,5,0.0,4266,0.01321030137237377,0.01321030137237377,0.004019166818837837,3.2868258442165375,0.0010132347541502702,0.0005066173770751351,59,0.0018850879146981771,0.0037701758293963543
quintile_ic,W252_PC1_N60,252,PC1,60,False,10,0.0,4261,0.013528611739687385,0.013528611739687385,0.005493938723271762,2.462461345333462,0.013798704599781273,0.006899352299890637,59,0.01533189399975697,0.03066378799951394
quintile_ic,W252_PC1_N60,252,PC1,60,False,20,0.0,4251,0.012500762447884397,0.012500762447884397,0.007445053549526527,1.6790695143729881,0.09313849678371244,0.04656924839185622,59,0.0737730667593762,0.1475461335187524
quintile_ic,W252_PC1_N60,252,PC1,60,False,60,0.0,4211,0.01586612965800872,0.01586612965800872,0.00991159274857718,1.6007648881948182,0.10942900313076709,0.054714501565383544,59,0.08328694284048865,0.1665738856809773
quintile_ic,W252_PC12_N5,252,PC12,5,False,5,0.0,4321,0.0237411084515718,0.0237411084515718,0.0029938521422019394,7.929953559466876,2.192278522910369e-15,1.0961392614551845e-15,4,6.419614580813192e-14,1.2839229161626384e-13
quintile_ic,W252_PC12_N5,252,PC12,5,False,10,0.0,4316,0.013804891760821406,0.013804891760821406,0.003385822950795495,4.077263330493392,4.5568874671282e-05,2.2784437335641e-05,9,0.00015850043363924173,0.00031700086727848347
quintile_ic,W252_PC12_N5,252,PC12,5,False,20,0.0,4306,0.013782145473326502,0.013782145473326502,0.0035065234422158283,3.9304301540951183,8.479402386540611e-05,4.2397011932703056e-05,19,0.00024226863961544602,0.00048453727923089204
quintile_ic,W252_PC12_N5,252,PC12,5,False,60,0.0,4266,0.0037073291726996693,0.0037073291726996693,0.0033072542364279887,1.1209689088504375,0.26230109693396436,0.13115054846698218,59,0.16393818558372772,0.32787637116745544
quintile_ic,W252_PC12_N10,252,PC12,10,False,5,0.0,4316,0.017023277263505623,0.017023277263505623,0.003511799609950991,4.8474512085680175,1.2505777609367671e-06,6.252888804683836e-07,9,7.695863144226259e-06,1.5391726288452518e-05
quintile_ic,W252_PC12_N10,252,PC12,10,False,10,0.0,4311,0.012907652542572649,0.012907652542572649,0.003988934050203869,3.2358651158729876,0.0012127467640438746,0.0006063733820219373,9,0.0021559942471891104,0.004311988494378221
quintile_ic,W252_PC12_N10,252,PC12,10,False,20,0.0,4301,0.013426536127202609,0.013426536127202609,0.00468657918428643,2.864890488188115,0.004171534788983641,0.0020857673944918204,19,0.006180051539235023,0.012360103078470045
quintile_ic,W252_PC12_N10,252,PC12,10,False,60,0.0,4261,0.004765177198721128,0.004765177198721128,0.004626040946360478,1.0300767446665413,0.3029739809414755,0.15148699047073774,59,0.18362059450998514,0.36724118901997027
quintile_ic,W252_PC12_N20,252,PC12,20,False,5,0.0,4306,0.01840275621476488,0.01840275621476488,0.0037806864354062576,4.867570090558804,1.1297876800623316e-06,5.648938400311658e-07,19,7.531917867082211e-06,1.5063835734164422e-05
quintile_ic,W252_PC12_N20,252,PC12,20,False,10,0.0,4301,0.017106144383362224,0.017106144383362224,0.004858753233579659,3.520685978686629,0.00043043202865408514,0.00021521601432704257,19,0.0009306638457385625,0.001861327691477125
quintile_ic,W252_PC12_N20,252,PC12,20,False,20,0.0,4291,0.015831223321488865,0.015831223321488865,0.005854854267707967,2.7039483132492044,0.006852094658956477,0.0034260473294782383,19,0.008841412463169648,0.017682824926339297
quintile_ic,W252_PC12_N20,252,PC12,20,False,60,0.0,4251,0.006543126605333713,0.006543126605333713,0.006497140473347253,1.007077903298398,0.31389733892191585,0.15694866946095792,59,0.18740139637129302,0.37480279274258604
quintile_ic,W252_PC12_N60,252,PC12,60,False,5,0.0,4266,0.012479039152120383,0.012479039152120383,0.0038343536993592367,3.254535217814092,0.0011357807685104695,0.0005678903842552348,59,0.002065055942746308,0.004130111885492616
quintile_ic,W252_PC12_N60,252,PC12,60,False,10,0.0,4261,0.012559724132713286,0.012559724132713286,0.005335702773387271,2.353902506593331,0.018577482820623024,0.009288741410311512,59,0.018812640831010655,0.03762528166202131
quintile_ic,W252_PC12_N60,252,PC12,60,False,20,0.0,4251,0.011699575434321168,0.011699575434321168,0.00719929781058676,1.6250995225001845,0.10414135463551524,0.05207067731775762,59,0.08010873433501173,0.16021746867002346
quintile_ic,W252_PC12_N60,252,PC12,60,False,60,0.0,4211,0.01484226403133438,0.01484226403133438,0.00989834903215447,1.4994686470561667,0.13375209650849196,0.06687604825424598,59,0.09816667633650786,0.19633335267301572
quintile_ic,W252_PC123_N5,252,PC123,5,False,5,0.0,4321,0.024049829032205677,0.024049829032205677,0.002850272003852206,8.437731205899578,3.235566528776273e-17,1.6177832643881364e-17,4,2.5884532230210185e-15,5.176906446042037e-15
quintile_ic,W252_PC123_N5,252,PC123,5,False,10,0.0,4316,0.015049302512302005,0.015049302512302005,0.003247661471064925,4.633888921731507,3.58859599230717e-06,1.794297996153585e-06,9,1.913917862563824e-05,3.827835725127648e-05
quintile_ic,W252_PC123_N5,252,PC123,5,False,20,0.0,4306,0.013569951116189215,0.013569951116189215,0.003368038503893678,4.029036811931171,5.600584873792214e-05,2.800292436896107e-05,19,0.00017921871596135084,0.0003584374319227017
quintile_ic,W252_PC123_N5,252,PC123,5,False,60,0.0,4266,0.004613039466639884,0.004613039466639884,0.0032804397406435205,1.4062259426643053,0.15965704295114655,0.07982852147557327,59,0.11404074496510468,0.22808148993020935
quintile_ic,W252_PC123_N10,252,PC123,10,False,5,0.0,4316,0.017615018580706264,0.017615018580706264,0.0034025198072659634,5.1770510029331795,2.2542060760749552e-07,1.1271030380374776e-07,9,1.6394226007817855e-06,3.278845201563571e-06
quintile_ic,W252_PC123_N10,252,PC123,10,False,10,0.0,4311,0.013241113768164845,0.013241113768164845,0.003912675568914393,3.3841583680904854,0.0007139680866010644,0.0003569840433005322,9,0.0013680061982119542,0.0027360123964239084
quintile_ic,W252_PC123_N10,252,PC123,10,False,20,0.0,4301,0.012826575532349154,0.012826575532349154,0.004486882510740366,2.858683172925935,0.004254034271017135,0.0021270171355085676,19,0.00618768621238856,0.01237537242477712
quintile_ic,W252_PC123_N10,252,PC123,10,False,60,0.0,4261,0.0056716842347213645,0.0056716842347213645,0.004484442528119917,1.2647467771427086,0.20596211579166845,0.10298105789583423,59,0.14082879712250834,0.2816575942450167
quintile_ic,W252_PC123_N20,252,PC123,20,False,5,0.0,4306,0.01738598931926569,0.01738598931926569,0.0036245807265273336,4.796689777667884,1.6130912746589575e-06,8.065456373294788e-07,19,9.217664426622614e-06,1.843532885324523e-05
quintile_ic,W252_PC123_N20,252,PC123,20,False,10,0.0,4301,0.015615636885002757,0.015615636885002757,0.00456698886844827,3.41924128453339,0.0006279601628017831,0.00031398008140089156,19,0.0012559203256035662,0.0025118406512071325
quintile_ic,W252_PC123_N20,252,PC123,20,False,20,0.0,4291,0.013299335274450333,0.013299335274450333,0.005447815087471618,2.4412236944375953,0.014637584731744476,0.007318792365872238,19,0.015872426837522227,0.031744853675044454
quintile_ic,W252_PC123_N20,252,PC123,20,False,60,0.0,4251,0.0077384225048605995,0.0077384225048605995,0.00614910565907514,1.2584630894152666,0.20822432789821751,0.10411216394910876,59,0.14116903586319832,0.28233807172639663
quintile_ic,W252_PC123_N60,252,PC123,60,False,5,0.0,4266,0.012931398417564355,0.012931398417564355,0.0036384658064160308,3.5540799627033097,0.00037930386894152566,0.00018965193447076283,59,0.0008895762212139494,0.0017791524424278988
quintile_ic,W252_PC123_N60,252,PC123,60,False,10,0.0,4261,0.013562642564145123,0.013562642564145123,0.004932479259671885,2.7496603330973413,0.005965706920488871,0.0029828534602444356,59,0.008228561269639821,0.016457122539279643
quintile_ic,W252_PC123_N60,252,PC123,60,False,20,0.0,4251,0.012679705590472889,0.012679705590472889,0.0065789743425664245,1.9273073476566562,0.053941338450098124,0.026970669225049062,59,0.04640115135492311,0.09280230270984623
quintile_ic,W252_PC123_N60,252,PC123,60,False,60,0.0,4211,0.018868530780685618,0.018868530780685618,0.009662467451495408,1.9527652616066962,0.05084741657850281,0.025423708289251404,59,0.044215144850872,0.088430289701744
delta_rank_ic,W60_PC1_N5,60,PC1,5,False,5,0.0,4321,-0.0044338279784029,-0.0044338279784029,0.0018881128908912297,-2.348285422864752,0.018860062647254813,0.9905699686763726,4,0.9905699686763726,0.6295925518653925
delta_rank_ic,W60_PC1_N5,60,PC1,5,False,10,0.0,4316,-0.00226554831276996,-0.00226554831276996,0.002456074721977997,-0.9224264606027147,0.35630617289433164,0.8218469135528341,9,0.9905699686763726,0.669373338695083
delta_rank_ic,W60_PC1_N5,60,PC1,5,False,20,0.0,4306,-0.0040431317060716935,-0.0040431317060716935,0.003157068800093496,-1.2806599925703097,0.20031311794780512,0.8998434410260975,19,0.9905699686763726,0.6295925518653925
delta_rank_ic,W60_PC1_N5,60,PC1,5,False,60,0.0,4266,-0.006316525312840413,-0.006316525312840413,0.004037323366758704,-1.564532919222551,0.11769246837817125,0.9411537658109144,59,0.9905699686763726,0.6295925518653925
delta_rank_ic,W60_PC1_N10,60,PC1,10,False,5,0.0,4316,-0.0023099207857969384,-0.0023099207857969384,0.0026014108623578364,-0.8879492352481758,0.3745680588128702,0.8127159705935649,9,0.9905699686763726,0.6915102624237603
delta_rank_ic,W60_PC1_N10,60,PC1,10,False,10,0.0,4311,-0.003343355529360487,-0.003343355529360487,0.003176541540489856,-1.052514342011377,0.29256363393774654,0.8537181830311267,9,0.9905699686763726,0.6612514156039784
delta_rank_ic,W60_PC1_N10,60,PC1,10,False,20,0.0,4301,-0.005496534555925239,-0.005496534555925239,0.0042994518405306895,-1.2784268227195195,0.20109897147794137,0.8994505142610294,19,0.9905699686763726,0.6295925518653925
delta_rank_ic,W60_PC1_N10,60,PC1,10,False,60,0.0,4261,-0.007601294583691045,-0.007601294583691045,0.005537769827744559,-1.3726273969727132,0.1698682102850682,0.9150658948574659,59,0.9905699686763726,0.6295925518653925
delta_rank_ic,W60_PC1_N20,60,PC1,20,False,5,0.0,4306,-0.005267819102204249,-0.005267819102204249,0.0034522646882209607,-1.525902437370435,0.12703416360218964,0.9364829181989052,19,0.9905699686763726,0.6295925518653925
delta_rank_ic,W60_PC1_N20,60,PC1,20,False,10,0.0,4301,-0.008079447721221442,-0.008079447721221442,0.004603999017983339,-1.754876073965896,0.07928050751642184,0.9603597462417891,19,0.9905699686763726,0.6295925518653925
delta_rank_ic,W60_PC1_N20,60,PC1,20,False,20,0.0,4291,-0.010636008825878897,-0.010636008825878897,0.005537786222093155,-1.9206246682918597,0.05477904290834199,0.972610478545829,19,0.9905699686763726,0.6295925518653925
delta_rank_ic,W60_PC1_N20,60,PC1,20,False,60,0.0,4251,-0.011073221506401274,-0.011073221506401274,0.00762170657056574,-1.4528532952403252,0.1462644908453451,0.9268677545773274,59,0.9905699686763726,0.6295925518653925
delta_rank_ic,W60_PC1_N60,60,PC1,60,False,5,0.0,4266,-0.003584422078005449,-0.003584422078005449,0.004675511867069072,-0.7666373607671769,0.443297155815752,0.778351422092124,59,0.9905699686763726,0.769045174420763
delta_rank_ic,W60_PC1_N60,60,PC1,60,False,10,0.0,4261,-0.00746431411724827,-0.00746431411724827,0.006562500304758109,-1.1374192412358908,0.2553630674223292,0.8723184662888352,59,0.9905699686763726,0.6612514156039784
delta_rank_ic,W60_PC1_N60,60,PC1,60,False,20,0.0,4251,-0.010708223903964451,-0.010708223903964451,0.008850633289556006,-1.2098822257838266,0.22632408846678492,0.8868379557666075,59,0.9905699686763726,0.6295925518653925
delta_rank_ic,W60_PC1_N60,60,PC1,60,False,60,0.0,4211,-0.004780405855553397,-0.004780405855553397,0.011099552476622958,-0.43068455828480723,0.6666977481964411,0.6666511259017794,59,0.9905699686763726,0.85718281910971
delta_rank_ic,W60_PC12_N5,60,PC12,5,False,5,0.0,4321,-0.003631512483636215,-0.003631512483636215,0.002143579458970121,-1.6941347653055832,0.09023967743996497,0.9548801612800175,4,0.9905699686763726,0.6295925518653925
delta_rank_ic,W60_PC12_N5,60,PC12,5,False,10,0.0,4316,-0.0021075719749246206,-0.0021075719749246206,0.0026909652283639853,-0.7832029759098568,0.4335079276351657,0.7832460361824172,9,0.9905699686763726,0.7612822143837056
delta_rank_ic,W60_PC12_N5,60,PC12,5,False,20,0.0,4306,-0.003284029249599657,-0.003284029249599657,0.003100917962617318,-1.0590506711850527,0.2895767035904879,0.855211648204756,19,0.9905699686763726,0.6612514156039784
delta_rank_ic,W60_PC12_N5,60,PC12,5,False,60,0.0,4266,-0.006442941920180136,-0.006442941920180136,0.003993944490187999,-1.6131776332917587,0.10670592130135152,0.9466470393493243,59,0.9905699686763726,0.6295925518653925
delta_rank_ic,W60_PC12_N10,60,PC12,10,False,5,0.0,4316,-0.0017937513806460558,-0.0017937513806460558,0.002735212892033757,-0.6557995488652142,0.5119531067394381,0.744023446630281,9,0.9905699686763726,0.8191249707831009
delta_rank_ic,W60_PC12_N10,60,PC12,10,False,10,0.0,4311,-0.0023585541063881423,-0.0023585541063881423,0.00325061913899658,-0.7255707314626205,0.46810196921852537,0.7659490153907373,9,0.9905699686763726,0.7747894662927316
delta_rank_ic,W60_PC12_N10,60,PC12,10,False,20,0.0,4301,-0.005133441100376655,-0.005133441100376655,0.0041577017818418115,-1.2346823725540514,0.21694873881384982,0.8915256305930751,19,0.9905699686763726,0.6295925518653925
delta_rank_ic,W60_PC12_N10,60,PC12,10,False,60,0.0,4261,-0.00769186322511727,-0.00769186322511727,0.005441214673548119,-1.4136298026450669,0.15747062605390894,0.9212646869730455,59,0.9905699686763726,0.6295925518653925
delta_rank_ic,W60_PC12_N20,60,PC12,20,False,5,0.0,4306,-0.004202952577429272,-0.004202952577429272,0.0033103040922185453,-1.2696575481717993,0.20420664064795666,0.8978966796760217,19,0.9905699686763726,0.6295925518653925
delta_rank_ic,W60_PC12_N20,60,PC12,20,False,10,0.0,4301,-0.007708194793800273,-0.007708194793800273,0.0043923765122442174,-1.7549030171509339,0.07927589801186442,0.9603620509940678,19,0.9905699686763726,0.6295925518653925
delta_rank_ic,W60_PC12_N20,60,PC12,20,False,20,0.0,4291,-0.0116608143941786,-0.0116608143941786,0.005346676145109856,-2.180946456770856,0.029187377004481138,0.9854063114977594,19,0.9905699686763726,0.6295925518653925
delta_rank_ic,W60_PC12_N20,60,PC12,20,False,60,0.0,4251,-0.012285492009899755,-0.012285492009899755,0.007440316840508509,-1.6512054893968873,0.09869662260953688,0.9506516886952315,59,0.9905699686763726,0.6295925518653925
delta_rank_ic,W60_PC12_N60,60,PC12,60,False,5,0.0,4266,-0.004202561089821401,-0.004202561089821401,0.004251507977066294,-0.98848717031488,0.32291411470267506,0.8385429426486626,59,0.9905699686763726,0.663365036123043
delta_rank_ic,W60_PC12_N60,60,PC12,60,False,10,0.0,4261,-0.008341925103897987,-0.008341925103897987,0.005979624621122353,-1.3950583243020094,0.16299825231099038,0.9185008738445049,59,0.9905699686763726,0.6295925518653925
delta_rank_ic,W60_PC12_N60,60,PC12,60,False,20,0.0,4251,-0.012819593135143494,-0.012819593135143494,0.008114782797951765,-1.579782657692238,0.11415664849729792,0.942921675751351,59,0.9905699686763726,0.6295925518653925
delta_rank_ic,W60_PC12_N60,60,PC12,60,False,60,0.0,4211,-0.011886393442614846,-0.011886393442614846,0.010497742285110221,-1.1322809342990119,0.25751634306770604,0.871241828466147,59,0.9905699686763726,0.6612514156039784
delta_rank_ic,W60_PC123_N5,60,PC123,5,False,5,0.0,4321,-0.003980452989106724,-0.003980452989106724,0.0022034871353680974,-1.8064335049733706,0.07085065200417287,0.9645746739979136,4,0.9905699686763726,0.6295925518653925
delta_rank_ic,W60_PC123_N5,60,PC123,5,False,10,0.0,4316,-0.00144622902817404,-0.00144622902817404,0.002749243576284608,-0.5260461607146892,0.5988561348380375,0.7005719325809813,9,0.9905699686763726,0.8281980487794675
delta_rank_ic,W60_PC123_N5,60,PC123,5,False,20,0.0,4306,-0.0030164987424581456,-0.0030164987424581456,0.0031548407973165937,-0.9561492754321811,0.33899682278846005,0.8305015886057701,19,0.9905699686763726,0.6673918569426538
delta_rank_ic,W60_PC123_N5,60,PC123,5,False,60,0.0,4266,-0.00593655411046731,-0.00593655411046731,0.0038193609261539013,-1.5543317914302022,0.12010529396233773,0.9399473530188311,59,0.9905699686763726,0.6295925518653925
delta_rank_ic,W60_PC123_N10,60,PC123,10,False,5,0.0,4316,-0.0013401700284682038,-0.0013401700284682038,0.002770831226944289,-0.4836707539008653,0.6286195521924967,0.6856902239037517,9,0.9905699686763726,0.8381594029233289
delta_rank_ic,W60_PC123_N10,60,PC123,10,False,10,0.0,4311,-0.0017731465590509388,-0.0017731465590509388,0.0032951498559095085,-0.5381080183260816,0.5905024770852232,0.7047487614573884,9,0.9905699686763726,0.8281980487794675
delta_rank_ic,W60_PC123_N10,60,PC123,10,False,20,0.0,4301,-0.004805807667190867,-0.004805807667190867,0.004216439553689624,-1.139778622697321,0.2543785419971491,0.8728107290014255,19,0.9905699686763726,0.6612514156039784
delta_rank_ic,W60_PC123_N10,60,PC123,10,False,60,0.0,4261,-0.007115322529327154,-0.007115322529327154,0.005269378041957461,-1.350315440014238,0.17691482177931384,0.9115425891103431,59,0.9905699686763726,0.6295925518653925
delta_rank_ic,W60_PC123_N20,60,PC123,20,False,5,0.0,4306,-0.004224315839588186,-0.004224315839588186,0.0033324052500629197,-1.267647696662471,0.20492379072711808,0.897538104636441,19,0.9905699686763726,0.6295925518653925
delta_rank_ic,W60_PC123_N20,60,PC123,20,False,10,0.0,4301,-0.007773109218815913,-0.007773109218815913,0.00443389560660307,-1.7531105620168415,0.07958303091365165,0.9602084845431742,19,0.9905699686763726,0.6295925518653925
delta_rank_ic,W60_PC123_N20,60,PC123,20,False,20,0.0,4291,-0.012041139816565809,-0.012041139816565809,0.005282142397932242,-2.279593943033315,0.022631782529521423,0.9886841087352394,19,0.9905699686763726,0.6295925518653925
delta_rank_ic,W60_PC123_N20,60,PC123,20,False,60,0.0,4251,-0.011069787522839039,-0.011069787522839039,0.007219475259040392,-1.533323008341527,0.12519628828650317,0.9374018558567484,59,0.9905699686763726,0.6295925518653925
delta_rank_ic,W60_PC123_N60,60,PC123,60,False,5,0.0,4266,-0.004171464842595937,-0.004171464842595937,0.003981599303584954,-1.047685747493484,0.29478341624298915,0.8526082918785054,59,0.9905699686763726,0.6612514156039784
delta_rank_ic,W60_PC123_N60,60,PC123,60,False,10,0.0,4261,-0.007837851108435425,-0.007837851108435425,0.005594095170812084,-1.4010936298206773,0.16118607627121562,0.9194069618643922,59,0.9905699686763726,0.6295925518653925
delta_rank_ic,W60_PC123_N60,60,PC123,60,False,20,0.0,4251,-0.011165428290754193,-0.011165428290754193,0.007593278592918417,-1.4704357484219275,0.14144377536348954,0.9292781123182552,59,0.9905699686763726,0.6295925518653925
delta_rank_ic,W60_PC123_N60,60,PC123,60,False,60,0.0,4211,-0.005460943768457896,-0.005460943768457896,0.010153736957285529,-0.5378260035128789,0.5906971778793769,0.7046514110603115,59,0.9905699686763726,0.8281980487794675
delta_rank_ic,W120_PC1_N5,120,PC1,5,False,5,0.0,4321,-0.002460610060101783,-0.002460610060101783,0.0016252619507864199,-1.5139775215380888,0.13003154073921339,0.9349842296303933,4,0.9905699686763726,0.6295925518653925
delta_rank_ic,W120_PC1_N5,120,PC1,5,False,10,0.0,4316,-0.0005070055314154987,-0.0005070055314154987,0.002088695789591914,-0.24273785294246059,0.8082084818442716,0.5958957590778642,9,0.9905699686763726,0.9007339808125816
delta_rank_ic,W120_PC1_N5,120,PC1,5,False,20,0.0,4306,-0.002475959669568918,-0.002475959669568918,0.002669775727912484,-0.9274036180952503,0.353717012822278,0.823141493588861,19,0.9905699686763726,0.669373338695083
delta_rank_ic,W120_PC1_N5,120,PC1,5,False,60,0.0,4266,-0.005697613184221754,-0.005697613184221754,0.003319037006659101,-1.7166464769119572,0.08604378504131706,0.9569781074793415,59,0.9905699686763726,0.6295925518653925
delta_rank_ic,W120_PC1_N10,120,PC1,10,False,5,0.0,4316,-0.0005317466161205184,-0.0005317466161205184,0.002180421007882533,-0.24387336858257122,0.8073288953343892,0.5963355523328053,9,0.9905699686763726,0.9007339808125816
delta_rank_ic,W120_PC1_N10,120,PC1,10,False,10,0.0,4311,-0.0011215523645006133,-0.0011215523645006133,0.002667422426327938,-0.4204629733298672,0.674147272837437,0.6629263635812814,9,0.9905699686763726,0.8590903299875303
delta_rank_ic,W120_PC1_N10,120,PC1,10,False,20,0.0,4301,-0.003478624281082393,-0.003478624281082393,0.003583512019426444,-0.9707304628042412,0.3316825180615215,0.8341587409692393,19,0.9905699686763726,0.663365036123043
delta_rank_ic,W120_PC1_N10,120,PC1,10,False,60,0.0,4261,-0.006987725940627623,-0.006987725940627623,0.004660660104826586,-1.4992996235428375,0.13379592000369048,0.9331020399981548,59,0.9905699686763726,0.6295925518653925
delta_rank_ic,W120_PC1_N20,120,PC1,20,False,5,0.0,4306,-0.003134836217021259,-0.003134836217021259,0.0028509979025840926,-1.099557531831188,0.27152495411752076,0.8642375229412397,19,0.9905699686763726,0.6612514156039784
delta_rank_ic,W120_PC1_N20,120,PC1,20,False,10,0.0,4301,-0.004916523046845904,-0.004916523046845904,0.0037758151341935665,-1.3021090472153023,0.1928791108368881,0.9035604445815559,19,0.9905699686763726,0.6295925518653925
delta_rank_ic,W120_PC1_N20,120,PC1,20,False,20,0.0,4291,-0.008189569000860986,-0.008189569000860986,0.004688848123925966,-1.746605730109226,0.08070575257042265,0.9596471237147888,19,0.9905699686763726,0.6295925518653925
delta_rank_ic,W120_PC1_N20,120,PC1,20,False,60,0.0,4251,-0.009663221968895023,-0.009663221968895023,0.0066361965934191485,-1.4561385927712953,0.14535431080826713,0.9273228445958663,59,0.9905699686763726,0.6295925518653925
delta_rank_ic,W120_PC1_N60,120,PC1,60,False,5,0.0,4266,-0.002121183941604904,-0.002121183941604904,0.003798707706688874,-0.5583961982307462,0.5765738683037449,0.7117130658481275,59,0.9905699686763726,0.8281980487794675
delta_rank_ic,W120_PC1_N60,120,PC1,60,False,10,0.0,4261,-0.004454295724242177,-0.004454295724242177,0.005363686775734864,-0.8304541093624742,0.4062820836224614,0.7968589581887693,59,0.9905699686763726,0.7405648106536005
delta_rank_ic,W120_PC1_N60,120,PC1,60,False,20,0.0,4251,-0.00717266005089485,-0.00717266005089485,0.007332286545022273,-0.9782296432160319,0.32796075841923467,0.8360196207903826,59,0.9905699686763726,0.663365036123043
delta_rank_ic,W120_PC1_N60,120,PC1,60,False,60,0.0,4211,0.00050310886739699,0.00050310886739699,0.010479923450357696,0.048006921976115974,0.9617107260302815,0.48085536301514076,59,0.9905699686763726,0.9741578635141837
delta_rank_ic,W120_PC12_N5,120,PC12,5,False,5,0.0,4321,-0.0038229745690775718,-0.0038229745690775718,0.0020165016143389924,-1.8958450327503158,0.05798053912446241,0.9710097304377687,4,0.9905699686763726,0.6295925518653925
delta_rank_ic,W120_PC12_N5,120,PC12,5,False,10,0.0,4316,-0.0013207273246082576,-0.0013207273246082576,0.00248641730010353,-0.5311768561750535,0.5952962292977104,0.7023518853511448,9,0.9905699686763726,0.8281980487794675
delta_rank_ic,W120_PC12_N5,120,PC12,5,False,20,0.0,4306,-0.002846995194112087,-0.002846995194112087,0.002844285209320083,-1.000952782366242,0.31684963664357296,0.8415751816782135,19,0.9905699686763726,0.6612514156039784
delta_rank_ic,W120_PC12_N5,120,PC12,5,False,60,0.0,4266,-0.006129321346924615,-0.006129321346924615,0.0034760123908440387,-1.763319763493796,0.07784657384588356,0.9610767130770582,59,0.9905699686763726,0.6295925518653925
delta_rank_ic,W120_PC12_N10,120,PC12,10,False,5,0.0,4316,-0.0008569951118483615,-0.0008569951118483615,0.0024709405976338222,-0.34682950802986595,0.7287194073342885,0.6356402963328558,9,0.9905699686763726,0.8660342397042334
delta_rank_ic,W120_PC12_N10,120,PC12,10,False,10,0.0,4311,-0.0009567751574028232,-0.0009567751574028232,0.00295492030328131,-0.3237905118254344,0.7460966400294047,0.6269516799852977,9,0.9905699686763726,0.8670064500692992
delta_rank_ic,W120_PC12_N10,120,PC12,10,False,20,0.0,4301,-0.0037774093534864123,-0.0037774093534864123,0.0037371572415389573,-1.0107707836052622,0.3121261496665201,0.84393692516674,19,0.9905699686763726,0.6612514156039784
delta_rank_ic,W120_PC12_N10,120,PC12,10,False,60,0.0,4261,-0.006371067872152259,-0.006371067872152259,0.004790623629042946,-1.3299036546156409,0.18355001715680969,0.9082249914215952,59,0.9905699686763726,0.6295925518653925
delta_rank_ic,W120_PC12_N20,120,PC12,20,False,5,0.0,4306,-0.0036099872365204597,-0.0036099872365204597,0.00291602532368818,-1.2379821283426162,0.21572268757193763,0.8921386562140312,19,0.9905699686763726,0.6295925518653925
delta_rank_ic,W120_PC12_N20,120,PC12,20,False,10,0.0,4301,-0.0053876051985652425,-0.0053876051985652425,0.0038860273314892282,-1.3864043505068633,0.16562346876046866,0.9171882656197656,19,0.9905699686763726,0.6295925518653925
delta_rank_ic,W120_PC12_N20,120,PC12,20,False,20,0.0,4291,-0.008529711491759302,-0.008529711491759302,0.004758769640695039,-1.7924194982704607,0.07306579376320371,0.9634671031183981,19,0.9905699686763726,0.6295925518653925
delta_rank_ic,W120_PC12_N20,120,PC12,20,False,60,0.0,4251,-0.00901414149293382,-0.00901414149293382,0.006642171883955804,-1.3571075320570247,0.17474704556842616,0.9126264772157868,59,0.9905699686763726,0.6295925518653925
delta_rank_ic,W120_PC12_N60,120,PC12,60,False,5,0.0,4266,-0.0038275113787748305,-0.0038275113787748305,0.003565859841623093,-1.0733768428297619,0.28310207025078027,0.8584489648746099,59,0.9905699686763726,0.6612514156039784
delta_rank_ic,W120_PC12_N60,120,PC12,60,False,10,0.0,4261,-0.006163385864133022,-0.006163385864133022,0.005026310902193583,-1.2262245579443158,0.22011418219380388,0.8899429089030981,59,0.9905699686763726,0.6295925518653925
delta_rank_ic,W120_PC12_N60,120,PC12,60,False,20,0.0,4251,-0.008695916350036194,-0.008695916350036194,0.006951948608790169,-1.2508602752098774,0.21098545931852838,0.8945072703407357,59,0.9905699686763726,0.6295925518653925
delta_rank_ic,W120_PC12_N60,120,PC12,60,False,60,0.0,4211,-0.0017107425146317982,-0.0017107425146317982,0.010116630693791826,-0.1691020030692247,0.8657164093997683,0.5671417953001158,59,0.9905699686763726,0.9353351679523548
delta_rank_ic,W120_PC123_N5,120,PC123,5,False,5,0.0,4321,-0.0031230606470790275,-0.0031230606470790275,0.0021109182741560627,-1.4794796583622432,0.1390121640332379,0.9304939179833811,4,0.9905699686763726,0.6295925518653925
delta_rank_ic,W120_PC123_N5,120,PC123,5,False,10,0.0,4316,-0.001340043654298242,-0.001340043654298242,0.0025796552879427245,-0.5194661707560653,0.6034356977120593,0.6982821511439703,9,0.9905699686763726,0.8281980487794675
delta_rank_ic,W120_PC123_N5,120,PC123,5,False,20,0.0,4306,-0.002934107850221385,-0.002934107850221385,0.0029138713970042625,-1.006944868341797,0.31396126865803103,0.8430193656709846,19,0.9905699686763726,0.6612514156039784
delta_rank_ic,W120_PC123_N5,120,PC123,5,False,60,0.0,4266,-0.005828172652543367,-0.005828172652543367,0.0033266053559979727,-1.7519879964225364,0.07977587197279933,0.9601120640136003,59,0.9905699686763726,0.6295925518653925
delta_rank_ic,W120_PC123_N10,120,PC123,10,False,5,0.0,4316,-0.001177441398340728,-0.001177441398340728,0.002586386297663022,-0.45524576100817865,0.6489324422606104,0.6755337788696948,9,0.9905699686763726,0.8470044121557874
delta_rank_ic,W120_PC123_N10,120,PC123,10,False,10,0.0,4311,-0.0016336297203251556,-0.0016336297203251556,0.0031225457511596813,-0.5231723889773088,0.6008542939516691,0.6995728530241654,9,0.9905699686763726,0.8281980487794675
delta_rank_ic,W120_PC123_N10,120,PC123,10,False,20,0.0,4301,-0.004783717123596693,-0.004783717123596693,0.0039017099488746682,-1.2260565716773522,0.22017738701211886,0.8899113064939406,19,0.9905699686763726,0.6295925518653925
delta_rank_ic,W120_PC123_N10,120,PC123,10,False,60,0.0,4261,-0.006280747696075818,-0.006280747696075818,0.004611978238654661,-1.3618337665678029,0.1732503525610332,0.9133748237194834,59,0.9905699686763726,0.6295925518653925
delta_rank_ic,W120_PC123_N20,120,PC123,20,False,5,0.0,4306,-0.0036599428489031264,-0.0036599428489031264,0.0029923283213899917,-1.2231087152906455,0.22128863729291343,0.8893556813535433,19,0.9905699686763726,0.6295925518653925
delta_rank_ic,W120_PC123_N20,120,PC123,20,False,10,0.0,4301,-0.006511161212924798,-0.006511161212924798,0.004041566294302633,-1.6110489693323935,0.10716904959780456,0.9464154752010978,19,0.9905699686763726,0.6295925518653925
delta_rank_ic,W120_PC123_N20,120,PC123,20,False,20,0.0,4291,-0.010637481616273006,-0.010637481616273006,0.0049149327809958655,-2.1643188402095777,0.03043988777460389,0.984780056112698,19,0.9905699686763726,0.6295925518653925
delta_rank_ic,W120_PC123_N20,120,PC123,20,False,60,0.0,4251,-0.007683768377617883,-0.007683768377617883,0.006364919600717613,-1.2072058815560807,0.22735286595139173,0.8863235670243041,59,0.9905699686763726,0.6295925518653925
delta_rank_ic,W120_PC123_N60,120,PC123,60,False,5,0.0,4266,-0.0031836819323063583,-0.0031836819323063583,0.0033571719198579233,-0.9483225787379673,0.34296525981775267,0.8285173700911237,59,0.9905699686763726,0.6673918569426538
delta_rank_ic,W120_PC123_N60,120,PC123,60,False,10,0.0,4261,-0.00504407510513296,-0.00504407510513296,0.004754712653614987,-1.0608580313045777,0.28875442470610485,0.8556227876469475,59,0.9905699686763726,0.6612514156039784
delta_rank_ic,W120_PC123_N60,120,PC123,60,False,20,0.0,4251,-0.006796763872081347,-0.006796763872081347,0.006565240452752576,-1.0352650327120465,0.30054515515269903,0.8497274224236506,59,0.9905699686763726,0.6612514156039784
delta_rank_ic,W120_PC123_N60,120,PC123,60,False,60,0.0,4211,0.0036349928707509836,0.0036349928707509836,0.00922163763388469,0.39418084022237954,0.6934475302326242,0.3467237651163121,59,0.9905699686763726,0.8618508393612354
delta_rank_ic,W252_PC1_N5,252,PC1,5,False,5,0.0,4321,-0.00013302705074804671,-0.00013302705074804671,0.0013658392251854467,-0.09739583422052107,0.9224120528129734,0.5387939735935132,4,0.9905699686763726,0.9430743927159095
delta_rank_ic,W252_PC1_N5,252,PC1,5,False,10,0.0,4316,0.0013221351263288969,0.0013221351263288969,0.001794114731574968,0.7369289728579718,0.46116554383266045,0.23058277191633023,9,0.9905699686763726,0.772184166417478
delta_rank_ic,W252_PC1_N5,252,PC1,5,False,20,0.0,4306,0.000986309872032435,0.000986309872032435,0.0021930756710267407,0.44973818508080504,0.6528992343700861,0.32644961718504306,19,0.9905699686763726,0.8470044121557874
delta_rank_ic,W252_PC1_N5,252,PC1,5,False,60,0.0,4266,-0.0017937680145345089,-0.0017937680145345089,0.002984351810960016,-0.6010578270118508,0.5478014713389308,0.7260992643305346,59,0.9905699686763726,0.8281980487794675
delta_rank_ic,W252_PC1_N10,252,PC1,10,False,5,0.0,4316,0.0013078560198877746,0.0013078560198877746,0.001834604198237257,0.7128818418405464,0.4759188762883415,0.23795943814417075,9,0.9905699686763726,0.7787763430172862
delta_rank_ic,W252_PC1_N10,252,PC1,10,False,10,0.0,4311,0.0018109783598123975,0.0018109783598123975,0.002261410581559101,0.8008180268458112,0.42323700133331016,0.21161850066665508,9,0.9905699686763726,0.7524213357036625
delta_rank_ic,W252_PC1_N10,252,PC1,10,False,20,0.0,4301,0.0011379323559567432,0.0011379323559567432,0.002944045009227696,0.38652002683045056,0.6991115735782929,0.34955578678914645,19,0.9905699686763726,0.8618508393612354
delta_rank_ic,W252_PC1_N10,252,PC1,10,False,60,0.0,4261,-0.0020889611766126983,-0.0020889611766126983,0.004168137168858934,-0.5011738078630869,0.6162488060386806,0.6918755969806597,59,0.9905699686763726,0.8293441875660749
delta_rank_ic,W252_PC1_N20,252,PC1,20,False,5,0.0,4306,-0.00039949729870805836,-0.00039949729870805836,0.0023385856315967773,-0.17082859541700132,0.864358543670854,0.567820728164573,19,0.9905699686763726,0.9353351679523548
delta_rank_ic,W252_PC1_N20,252,PC1,20,False,10,0.0,4301,-0.0007644911459798694,-0.0007644911459798694,0.0030909784226294127,-0.24732982293986291,0.8046529802242575,0.5976735098878713,19,0.9905699686763726,0.9007339808125816
delta_rank_ic,W252_PC1_N20,252,PC1,20,False,20,0.0,4291,-0.0028657261837287725,-0.0028657261837287725,0.0038351779880128308,-0.7472211700958441,0.4549300672259937,0.7725349663870031,19,0.9905699686763726,0.7707050550652129
delta_rank_ic,W252_PC1_N20,252,PC1,20,False,60,0.0,4251,-0.0032362778621463496,-0.0032362778621463496,0.005886056272596238,-0.5498210877142843,0.5824420933518072,0.7087789533240965,59,0.9905699686763726,0.8281980487794675
delta_rank_ic,W252_PC1_N60,252,PC1,60,False,5,0.0,4266,9.35614179336041e-06,9.35614179336041e-06,0.003181945390884655,0.002940384149948967,0.9976539162645782,0.4988269581322891,59,0.9905699686763726,0.9976539162645781
delta_rank_ic,W252_PC1_N60,252,PC1,60,False,10,0.0,4261,-0.0004750818734029271,-0.0004750818734029271,0.004433804713914415,-0.10714993195618167,0.9146700351736335,0.5426649824131833,59,0.9905699686763726,0.9430743927159095
delta_rank_ic,W252_PC1_N60,252,PC1,60,False,20,0.0,4251,-0.000907782968563091,-0.000907782968563091,0.0060893015940181195,-0.14907833920639763,0.8814918176893218,0.5592540911553391,59,0.9905699686763726,0.9397249446391077
delta_rank_ic,W252_PC1_N60,252,PC1,60,False,60,0.0,4211,0.002987675042347454,0.002987675042347454,0.008591167100035709,0.34776125380392564,0.7280194904595602,0.3640097452297801,59,0.9905699686763726,0.8660342397042334
delta_rank_ic,W252_PC12_N5,252,PC12,5,False,5,0.0,4321,-0.001051397311726007,-0.001051397311726007,0.0018783292417336864,-0.5597513409073979,0.5756490577784263,0.7121754711107868,4,0.9905699686763726,0.8281980487794675
delta_rank_ic,W252_PC12_N5,252,PC12,5,False,10,0.0,4316,0.001169832885484155,0.001169832885484155,0.0022911881717532214,0.5105791396387127,0.609645785907108,0.304822892953554,9,0.9905699686763726,0.8281980487794675
delta_rank_ic,W252_PC12_N5,252,PC12,5,False,20,0.0,4306,0.0015159668484423698,0.0015159668484423698,0.0024942328865666568,0.6077888141909304,0.5433275490641363,0.27166377453206814,19,0.9905699686763726,0.8281980487794675
delta_rank_ic,W252_PC12_N5,252,PC12,5,False,60,0.0,4266,-0.00239033366313505,-0.00239033366313505,0.0031545776449388085,-0.7577349275171881,0.4486096850787784,0.7756951574606108,59,0.9905699686763726,0.769045174420763
delta_rank_ic,W252_PC12_N10,252,PC12,10,False,5,0.0,4316,0.0018567971709097819,0.0018567971709097819,0.0022757217226156536,0.8159157389312208,0.4145483297337913,0.20727416486689565,9,0.9905699686763726,0.7461869935208243
delta_rank_ic,W252_PC12_N10,252,PC12,10,False,10,0.0,4311,0.0029971965252318317,0.0029971965252318317,0.0027350126308237324,1.0958620415325595,0.27313915272324674,0.13656957636162337,9,0.9905699686763726,0.6612514156039784
delta_rank_ic,W252_PC12_N10,252,PC12,10,False,20,0.0,4301,0.0020414282984577313,0.0020414282984577313,0.0032938566449112073,0.6197684108722837,0.5354102687360764,0.2677051343680382,19,0.9905699686763726,0.8281980487794675
delta_rank_ic,W252_PC12_N10,252,PC12,10,False,60,0.0,4261,-0.0020410020024833925,-0.0020410020024833925,0.004336847823060607,-0.4706187733013453,0.6379129988835068,0.6810435005582466,59,0.9905699686763726,0.8427474480662842
delta_rank_ic,W252_PC12_N20,252,PC12,20,False,5,0.0,4306,0.000340741452400015,0.000340741452400015,0.002558329335190183,0.13318904947579185,0.8940438709413733,0.44702193547068664,19,0.9905699686763726,0.9397249446391077
delta_rank_ic,W252_PC12_N20,252,PC12,20,False,10,0.0,4301,-0.0001404199927765508,-0.0001404199927765508,0.003435070096288532,-0.040878348575264734,0.9673928783508907,0.5163035608245546,19,0.9905699686763726,0.9741578635141837
delta_rank_ic,W252_PC12_N20,252,PC12,20,False,20,0.0,4291,-0.00169580129375219,-0.00169580129375219,0.004156260879731023,-0.4080112733111055,0.6832653984661703,0.6583673007669149,19,0.9905699686763726,0.8618508393612354
delta_rank_ic,W252_PC12_N20,252,PC12,20,False,60,0.0,4251,-0.003336131158108481,-0.003336131158108481,0.005921314457395221,-0.5634105707630399,0.5731553407404142,0.7134223296297929,59,0.9905699686763726,0.8281980487794675
delta_rank_ic,W252_PC12_N60,252,PC12,60,False,5,0.0,4266,-0.0005570829704361743,-0.0005570829704361743,0.003147591933371927,-0.17698703714727942,0.8595185716965388,0.5702407141517306,59,0.9905699686763726,0.9353351679523548
delta_rank_ic,W252_PC12_N60,252,PC12,60,False,10,0.0,4261,-0.0011932375586127858,-0.0011932375586127858,0.00440077642567308,-0.27114250832005976,0.786281428768929,0.6068592856155355,59,0.9905699686763726,0.8986073471644903
delta_rank_ic,W252_PC12_N60,252,PC12,60,False,20,0.0,4251,-0.0020527557018702623,-0.0020527557018702623,0.006034380417138795,-0.3401767140898249,0.7337234530827533,0.6331382734586233,59,0.9905699686763726,0.8660342397042334
delta_rank_ic,W252_PC12_N60,252,PC12,60,False,60,0.0,4211,0.0019462939005785666,0.0019462939005785666,0.00823486414739399,0.23634802781713063,0.813162621566914,0.406581310783457,59,0.9905699686763726,0.9007339808125816
delta_rank_ic,W252_PC123_N5,252,PC123,5,False,5,0.0,4321,-0.0007342338901262293,-0.0007342338901262293,0.002070552286878646,-0.35460775116820914,0.7228834684817211,0.6385582657591394,4,0.9905699686763726,0.8660342397042334
delta_rank_ic,W252_PC123_N5,252,PC123,5,False,10,0.0,4316,0.0023040200839178644,0.0023040200839178644,0.002506225102272144,0.9193188919179844,0.357928799163343,0.1789643995816715,9,0.9905699686763726,0.669373338695083
delta_rank_ic,W252_PC123_N5,252,PC123,5,False,20,0.0,4306,0.0013609164234333405,0.0013609164234333405,0.002652853771584431,0.5130009192404623,0.6079506776752284,0.3039753388376142,19,0.9905699686763726,0.8281980487794675
delta_rank_ic,W252_PC123_N5,252,PC123,5,False,60,0.0,4266,-0.0017592949376911348,-0.0017592949376911348,0.003107893039883532,-0.5660731933545127,0.5713440253376001,0.7143279873312,59,0.9905699686763726,0.8281980487794675
delta_rank_ic,W252_PC123_N10,252,PC123,10,False,5,0.0,4316,0.002579001228027719,0.002579001228027719,0.0024664688820028252,1.045624879699887,0.2957342577825741,0.14786712889128706,9,0.9905699686763726,0.6612514156039784
delta_rank_ic,W252_PC123_N10,252,PC123,10,False,10,0.0,4311,0.003521590300052978,0.003521590300052978,0.002983445385638676,1.180376995337255,0.2378503073224354,0.1189251536612177,9,0.9905699686763726,0.6462347972534094
delta_rank_ic,W252_PC123_N10,252,PC123,10,False,20,0.0,4301,0.001133576454131885,0.001133576454131885,0.003507999388490993,0.32314043664058506,0.7465888875596742,0.3732944437798371,19,0.9905699686763726,0.8670064500692992
delta_rank_ic,W252_PC123_N10,252,PC123,10,False,60,0.0,4261,-0.0012180327128378968,-0.0012180327128378968,0.004343293799669617,-0.2804398617773795,0.7791400581889395,0.6104299709055303,59,0.9905699686763726,0.8975693470336583
delta_rank_ic,W252_PC123_N20,252,PC123,20,False,5,0.0,4306,-0.0003648035020240454,-0.0003648035020240454,0.002734378921517691,-0.13341366083291947,0.8938662422040552,0.5530668788979723,19,0.9905699686763726,0.9397249446391077
delta_rank_ic,W252_PC123_N20,252,PC123,20,False,10,0.0,4301,-0.0012504951502210566,-0.0012504951502210566,0.003667333777150946,-0.340982093861261,0.7331170618416163,0.6334414690791919,19,0.9905699686763726,0.8660342397042334
delta_rank_ic,W252_PC123_N20,252,PC123,20,False,20,0.0,4291,-0.00453433889402018,-0.00453433889402018,0.004402979243816844,-1.0298342651484913,0.30308781271886326,0.8484560936405683,19,0.9905699686763726,0.6612514156039784
delta_rank_ic,W252_PC123_N20,252,PC123,20,False,60,0.0,4251,-0.002296656068458047,-0.002296656068458047,0.005965683253949775,-0.38497787607772693,0.7002538069810038,0.6498730965094981,59,0.9905699686763726,0.8618508393612354
delta_rank_ic,W252_PC123_N60,252,PC123,60,False,5,0.0,4266,-0.00031541315941301606,-0.00031541315941301606,0.003228645135489525,-0.09769211114159602,0.922176779989532,0.538911610005234,59,0.9905699686763726,0.9430743927159095
delta_rank_ic,W252_PC123_N60,252,PC123,60,False,10,0.0,4261,-0.000430651829372309,-0.000430651829372309,0.004480458373946225,-0.09611780613263604,0.9234270095343281,0.5382864952328359,59,0.9905699686763726,0.9430743927159095
delta_rank_ic,W252_PC123_N60,252,PC123,60,False,20,0.0,4251,-0.0010050533753886584,-0.0010050533753886584,0.006159391773765691,-0.16317412697620876,0.8703813368445524,0.5648093315777238,59,0.9905699686763726,0.9353351679523548
delta_rank_ic,W252_PC123_N60,252,PC123,60,False,60,0.0,4211,0.0057996195932083685,0.0057996195932083685,0.008384218713761169,0.6917304749802565,0.48910660509151366,0.24455330254575683,59,0.9905699686763726,0.7913634958784042
delta_quintile_ic,W60_PC1_N5,60,PC1,5,False,5,0.0,4321,-0.004169810889698298,-0.004169810889698298,0.0018631220321742173,-2.2380771724502835,0.025216022999078828,0.9873919885004605,4,0.9873919885004605,0.6213992300254725
delta_quintile_ic,W60_PC1_N5,60,PC1,5,False,10,0.0,4316,-0.0017909850159498575,-0.0017909850159498575,0.002392843364688654,-0.7484756597024028,0.45417330123905325,0.7729133493804734,9,0.9873919885004605,0.7887040596017002
delta_quintile_ic,W60_PC1_N5,60,PC1,5,False,20,0.0,4306,-0.003212435291262488,-0.003212435291262488,0.0030662685468564187,-1.0476692573310062,0.2947910163213849,0.8526044918393076,19,0.9873919885004605,0.6632797867231159
delta_quintile_ic,W60_PC1_N5,60,PC1,5,False,60,0.0,4266,-0.0059137958278434165,-0.0059137958278434165,0.003856297452832753,-1.5335424458762303,0.12514225672771515,0.9374288716361425,59,0.9873919885004605,0.6213992300254725
delta_quintile_ic,W60_PC1_N10,60,PC1,10,False,5,0.0,4316,-0.002218960471974774,-0.002218960471974774,0.002524522151415704,-0.8789625675221042,0.3794215722326172,0.8102892138836915,9,0.9873919885004605,0.728489418686625
delta_quintile_ic,W60_PC1_N10,60,PC1,10,False,10,0.0,4311,-0.0035450003036204747,-0.0035450003036204747,0.003073475058933813,-1.1534176252109343,0.2487390105927699,0.8756304947036151,9,0.9873919885004605,0.6213992300254725
delta_quintile_ic,W60_PC1_N10,60,PC1,10,False,20,0.0,4301,-0.005750369922877471,-0.005750369922877471,0.00417523231681917,-1.3772574761201055,0.16843265741077698,0.9157836712946115,19,0.9873919885004605,0.6213992300254725
delta_quintile_ic,W60_PC1_N10,60,PC1,10,False,60,0.0,4261,-0.008148355732001565,-0.008148355732001565,0.005328152807946695,-1.5293021851491697,0.1261895481783525,0.9369052259108237,59,0.9873919885004605,0.6213992300254725
delta_quintile_ic,W60_PC1_N20,60,PC1,20,False,5,0.0,4306,-0.005116004309942708,-0.005116004309942708,0.003356024728145005,-1.5244239015993504,0.12740285314943575,0.9362985734252822,19,0.9873919885004605,0.6213992300254725
delta_quintile_ic,W60_PC1_N20,60,PC1,20,False,10,0.0,4301,-0.007644846179115269,-0.007644846179115269,0.004507398809121259,-1.6960660688921094,0.08987336863253352,0.9550633156837333,19,0.9873919885004605,0.6213992300254725
delta_quintile_ic,W60_PC1_N20,60,PC1,20,False,20,0.0,4291,-0.010166213557404555,-0.010166213557404555,0.005349192212542523,-1.9005137885244276,0.05736572722918787,0.9713171363854061,19,0.9873919885004605,0.6213992300254725
delta_quintile_ic,W60_PC1_N20,60,PC1,20,False,60,0.0,4251,-0.010714436794487246,-0.010714436794487246,0.0072137545370532215,-1.4852788155533823,0.13746998122727064,0.9312650093863647,59,0.9873919885004605,0.6213992300254725
delta_quintile_ic,W60_PC1_N60,60,PC1,60,False,5,0.0,4266,-0.003076583160584346,-0.003076583160584346,0.004476945810969736,-0.6872058073711501,0.49195304528568223,0.7540234773571589,59,0.9873919885004605,0.7887040596017002
delta_quintile_ic,W60_PC1_N60,60,PC1,60,False,10,0.0,4261,-0.007344449032185483,-0.007344449032185483,0.006261308058021885,-1.1729895676951871,0.2407999892323854,0.8796000053838073,59,0.9873919885004605,0.6213992300254725
delta_quintile_ic,W60_PC1_N60,60,PC1,60,False,20,0.0,4251,-0.0107749308431199,-0.0107749308431199,0.008470739632647419,-1.2720177116047584,0.20336682634775566,0.8983165868261223,59,0.9873919885004605,0.6213992300254725
delta_quintile_ic,W60_PC1_N60,60,PC1,60,False,60,0.0,4211,-0.005669004897465582,-0.005669004897465582,0.010553186216289968,-0.5371842002290141,0.5911403838527604,0.7044298080736198,59,0.9873919885004605,0.8345511301450734
delta_quintile_ic,W60_PC12_N5,60,PC12,5,False,5,0.0,4321,-0.0026470113521839694,-0.0026470113521839694,0.0021058393928809374,-1.2569863405217576,0.2087585818162182,0.8956207090918908,4,0.9873919885004605,0.6213992300254725
delta_quintile_ic,W60_PC12_N5,60,PC12,5,False,10,0.0,4316,-0.0014548788755718684,-0.0014548788755718684,0.0026217092284255687,-0.5549352536114678,0.578938947482744,0.710530526258628,9,0.9873919885004605,0.8274796656380706
delta_quintile_ic,W60_PC12_N5,60,PC12,5,False,20,0.0,4306,-0.002440603036728471,-0.002440603036728471,0.002999977584321226,-0.8135404242630969,0.4159082792320087,0.7920458603839956,19,0.9873919885004605,0.7880367395974901
delta_quintile_ic,W60_PC12_N5,60,PC12,5,False,60,0.0,4266,-0.0064045760368616565,-0.0064045760368616565,0.003818719048707178,-1.6771529811887882,0.09351257071121599,0.953243714644392,59,0.9873919885004605,0.6213992300254725
delta_quintile_ic,W60_PC12_N10,60,PC12,10,False,5,0.0,4316,-0.0013508569327052734,-0.0013508569327052734,0.002655338216479158,-0.5087325314424316,0.6109397164983907,0.6945301417508046,9,0.9873919885004605,0.8459165305362333
delta_quintile_ic,W60_PC12_N10,60,PC12,10,False,10,0.0,4311,-0.0022767349852737696,-0.0022767349852737696,0.00314663894308194,-0.7235450353397861,0.4693450961306529,0.7653274519346736,9,0.9873919885004605,0.7887040596017002
delta_quintile_ic,W60_PC12_N10,60,PC12,10,False,20,0.0,4301,-0.00516894163989991,-0.00516894163989991,0.004006359392177331,-1.2901842131269088,0.19698670607325405,0.901506646963373,19,0.9873919885004605,0.6213992300254725
delta_quintile_ic,W60_PC12_N10,60,PC12,10,False,60,0.0,4261,-0.007627134145572135,-0.007627134145572135,0.005261986162811995,-1.4494781836325106,0.14720408858049053,0.9263979557097548,59,0.9873919885004605,0.6213992300254725
delta_quintile_ic,W60_PC12_N20,60,PC12,20,False,5,0.0,4306,-0.0037019416301965857,-0.0037019416301965857,0.0032126444662759833,-1.152303552122524,0.24919635783090652,0.8754018210845468,19,0.9873919885004605,0.6213992300254725
delta_quintile_ic,W60_PC12_N20,60,PC12,20,False,10,0.0,4301,-0.007188682888942634,-0.007188682888942634,0.004278307838068909,-1.6802631229517546,0.092906132645797,0.9535469336771015,19,0.9873919885004605,0.6213992300254725
delta_quintile_ic,W60_PC12_N20,60,PC12,20,False,20,0.0,4291,-0.011022069213687905,-0.011022069213687905,0.005176278553095735,-2.129342364524804,0.033225945174634876,0.9833870274126825,19,0.9873919885004605,0.6213992300254725
delta_quintile_ic,W60_PC12_N20,60,PC12,20,False,60,0.0,4251,-0.011777520712339732,-0.011777520712339732,0.007075049680535076,-1.6646555493090212,0.09598149600034872,0.9520092519998257,59,0.9873919885004605,0.6213992300254725
delta_quintile_ic,W60_PC12_N60,60,PC12,60,False,5,0.0,4266,-0.004089207499145246,-0.004089207499145246,0.004027469064916437,-1.01532933791264,0.30994886400262917,0.8450255679986853,59,0.9873919885004605,0.6762520669148273
delta_quintile_ic,W60_PC12_N60,60,PC12,60,False,10,0.0,4261,-0.008458685234848674,-0.008458685234848674,0.005684503010724205,-1.4880254648279339,0.13674417814832346,0.9316279109258382,59,0.9873919885004605,0.6213992300254725
delta_quintile_ic,W60_PC12_N60,60,PC12,60,False,20,0.0,4251,-0.013295054586787829,-0.013295054586787829,0.007822519858258997,-1.6995871953908743,0.08920860055186355,0.9553956997240682,59,0.9873919885004605,0.6213992300254725
delta_quintile_ic,W60_PC12_N60,60,PC12,60,False,60,0.0,4211,-0.01260348277854749,-0.01260348277854749,0.010069935735145606,-1.2515951551269011,0.2107174208873511,0.8946412895563244,59,0.9873919885004605,0.6213992300254725
delta_quintile_ic,W60_PC123_N5,60,PC123,5,False,5,0.0,4321,-0.003124543703677384,-0.003124543703677384,0.0021586060142707014,-1.4474821634984794,0.14776192846007236,0.9261190357699638,4,0.9873919885004605,0.6213992300254725
delta_quintile_ic,W60_PC123_N5,60,PC123,5,False,10,0.0,4316,-0.0007379155862166704,-0.0007379155862166704,0.002680812605679773,-0.27525817532089575,0.783117894975053,0.6084410525124735,9,0.9873919885004605,0.9289656454321369
delta_quintile_ic,W60_PC123_N5,60,PC123,5,False,20,0.0,4306,-0.0020856699940138158,-0.0020856699940138158,0.0030274442553421435,-0.6889210231810217,0.49087296879811726,0.7545635156009414,19,0.9873919885004605,0.7887040596017002
delta_quintile_ic,W60_PC123_N5,60,PC123,5,False,60,0.0,4266,-0.005837954348062357,-0.005837954348062357,0.0036301780975919458,-1.608172985213845,0.10779729800637396,0.946101350996813,59,0.9873919885004605,0.6213992300254725
delta_quintile_ic,W60_PC123_N10,60,PC123,10,False,5,0.0,4316,-0.001129331348640404,-0.001129331348640404,0.002689953283807511,-0.41983307124274105,0.6746074036588712,0.6626962981705644,9,0.9873919885004605,0.8994765382118283
delta_quintile_ic,W60_PC123_N10,60,PC123,10,False,10,0.0,4311,-0.0019146630548576235,-0.0019146630548576235,0.003187520060221579,-0.6006748251568733,0.5480565898802328,0.7259717050598836,9,0.9873919885004605,0.8129679963119847
delta_quintile_ic,W60_PC123_N10,60,PC123,10,False,20,0.0,4301,-0.004680254122946507,-0.004680254122946507,0.004046010375837667,-1.1567578152781008,0.2473713212651664,0.8763143393674169,19,0.9873919885004605,0.6213992300254725
delta_quintile_ic,W60_PC123_N10,60,PC123,10,False,60,0.0,4261,-0.007103174086529006,-0.007103174086529006,0.005122391020489261,-1.3866911093113996,0.16553597278418558,0.9172320136079073,59,0.9873919885004605,0.6213992300254725
delta_quintile_ic,W60_PC123_N20,60,PC123,20,False,5,0.0,4306,-0.0037813531593352562,-0.0037813531593352562,0.003240162140120088,-1.1670259066711737,0.24319990754359924,0.8784000462282004,19,0.9873919885004605,0.6213992300254725
delta_quintile_ic,W60_PC123_N20,60,PC123,20,False,10,0.0,4301,-0.007404676512357084,-0.007404676512357084,0.004315507103143097,-1.7158299906317067,0.08619316333512074,0.9569034183324396,19,0.9873919885004605,0.6213992300254725
delta_quintile_ic,W60_PC123_N20,60,PC123,20,False,20,0.0,4291,-0.011193216842419286,-0.011193216842419286,0.0051055407743380455,-2.1923665556995835,0.028353049510570296,0.9858234752447148,19,0.9873919885004605,0.6213992300254725
delta_quintile_ic,W60_PC123_N20,60,PC123,20,False,60,0.0,4251,-0.010747277179130002,-0.010747277179130002,0.006876672843404528,-1.5628600376761854,0.11808551898449911,0.9409572405077504,59,0.9873919885004605,0.6213992300254725
delta_quintile_ic,W60_PC123_N60,60,PC123,60,False,5,0.0,4266,-0.003976308795963176,-0.003976308795963176,0.003771056953903796,-1.0544281999896352,0.2916869170051485,0.8541565414974257,59,0.9873919885004605,0.6632797867231159
delta_quintile_ic,W60_PC123_N60,60,PC123,60,False,10,0.0,4261,-0.007908467208241838,-0.007908467208241838,0.005276857793320605,-1.4987076623994489,0.13394948803987547,0.9330252559800623,59,0.9873919885004605,0.6213992300254725
delta_quintile_ic,W60_PC123_N60,60,PC123,60,False,20,0.0,4251,-0.011674578856755912,-0.011674578856755912,0.007224239308368783,-1.6160288105671856,0.10608808429643055,0.9469559578517848,59,0.9873919885004605,0.6213992300254725
delta_quintile_ic,W60_PC123_N60,60,PC123,60,False,60,0.0,4211,-0.006471157373375686,-0.006471157373375686,0.00970098397710272,-0.6670619587301237,0.5047325578520307,0.7476337210739846,59,0.9873919885004605,0.7942981137905597
delta_quintile_ic,W120_PC1_N5,120,PC1,5,False,5,0.0,4321,-0.0022498194341761383,-0.0022498194341761383,0.001607937306454541,-1.3991959917497843,0.1617542182312486,0.9191228908843757,4,0.9873919885004605,0.6213992300254725
delta_quintile_ic,W120_PC1_N5,120,PC1,5,False,10,0.0,4316,2.848933628036108e-05,2.848933628036108e-05,0.0020628948707569032,0.013810367500651144,0.9889812712534667,0.49449063562673334,9,0.9873919885004605,0.9889812712534667
delta_quintile_ic,W120_PC1_N5,120,PC1,5,False,20,0.0,4306,-0.0018721965906810217,-0.0018721965906810217,0.0026133617202957144,-0.7163939749102829,0.4737481142168833,0.7631259428915584,19,0.9873919885004605,0.7887040596017002
delta_quintile_ic,W120_PC1_N5,120,PC1,5,False,60,0.0,4266,-0.005505261058140628,-0.005505261058140628,0.0031136695945367023,-1.7680941702357413,0.07704516189147563,0.9614774190542622,59,0.9873919885004605,0.6213992300254725
delta_quintile_ic,W120_PC1_N10,120,PC1,10,False,5,0.0,4316,-0.0005240020905582509,-0.0005240020905582509,0.002139629768118113,-0.2449031595868714,0.8065314151826999,0.5967342924086501,9,0.9873919885004605,0.9289656454321369
delta_quintile_ic,W120_PC1_N10,120,PC1,10,False,10,0.0,4311,-0.0013519679620145639,-0.0013519679620145639,0.002612423776356138,-0.5175147976567249,0.6047968418425893,0.6976015790787053,9,0.9873919885004605,0.8455412157799306
delta_quintile_ic,W120_PC1_N10,120,PC1,10,False,20,0.0,4301,-0.00370008647418045,-0.00370008647418045,0.0034976176309876312,-1.057887643691814,0.29010666912101163,0.8549466654394942,19,0.9873919885004605,0.6632797867231159
delta_quintile_ic,W120_PC1_N10,120,PC1,10,False,60,0.0,4261,-0.007499002381239931,-0.007499002381239931,0.004422114572674911,-1.6957955878343125,0.08992459836291242,0.9550377008185438,59,0.9873919885004605,0.6213992300254725
delta_quintile_ic,W120_PC1_N20,120,PC1,20,False,5,0.0,4306,-0.002856862528835321,-0.002856862528835321,0.002755042032244031,-1.0369578741084962,0.2997554900934055,0.8501222549532972,19,0.9873919885004605,0.6640737011300061
delta_quintile_ic,W120_PC1_N20,120,PC1,20,False,10,0.0,4301,-0.00441060503953416,-0.00441060503953416,0.003661543994387242,-1.2045751863954521,0.22836734062873554,0.8858163296856323,19,0.9873919885004605,0.6213992300254725
delta_quintile_ic,W120_PC1_N20,120,PC1,20,False,20,0.0,4291,-0.007708236583048642,-0.007708236583048642,0.004486404576608221,-1.7181322931148058,0.08577248775730852,0.9571137561213457,19,0.9873919885004605,0.6213992300254725
delta_quintile_ic,W120_PC1_N20,120,PC1,20,False,60,0.0,4251,-0.00952962035380288,-0.00952962035380288,0.0061363719044750685,-1.5529730762982634,0.12042956690919565,0.9397852165454021,59,0.9873919885004605,0.6213992300254725
delta_quintile_ic,W120_PC1_N60,120,PC1,60,False,5,0.0,4266,-0.0025724045169678435,-0.0025724045169678435,0.003569406853683948,-0.7206812286789026,0.47110566422220135,0.7644471678888993,59,0.9873919885004605,0.7887040596017002
delta_quintile_ic,W120_PC1_N60,120,PC1,60,False,10,0.0,4261,-0.004991151277219356,-0.004991151277219356,0.005050063207078,-0.988334417324505,0.3229888948824387,0.8385055525587807,59,0.9873919885004605,0.6911325178974925
delta_quintile_ic,W120_PC1_N60,120,PC1,60,False,20,0.0,4251,-0.008043990544957278,-0.008043990544957278,0.006996870575956202,-1.1496554720619476,0.250285800982482,0.874857099508759,59,0.9873919885004605,0.6213992300254725
delta_quintile_ic,W120_PC1_N60,120,PC1,60,False,60,0.0,4211,-0.0010148814953005504,-0.0010148814953005504,0.009847062284595642,-0.10306439280760833,0.9179118649101019,0.541044067544949,59,0.9873919885004605,0.9578210764279326
delta_quintile_ic,W120_PC12_N5,120,PC12,5,False,5,0.0,4321,-0.003042523433846391,-0.003042523433846391,0.001987219511442608,-1.531045471487794,0.1257581548986314,0.9371209225506842,4,0.9873919885004605,0.6213992300254725
delta_quintile_ic,W120_PC12_N5,120,PC12,5,False,10,0.0,4316,-0.0005598076358864789,-0.0005598076358864789,0.0024504556258692595,-0.22845042773949284,0.8192960900686207,0.5903519549656897,9,0.9873919885004605,0.9289656454321369
delta_quintile_ic,W120_PC12_N5,120,PC12,5,False,20,0.0,4306,-0.0021249454174773865,-0.0021249454174773865,0.0027765523943166287,-0.7653179611618253,0.4440822312411742,0.777958884379413,19,0.9873919885004605,0.7887040596017002
delta_quintile_ic,W120_PC12_N5,120,PC12,5,False,60,0.0,4266,-0.005943470786356634,-0.005943470786356634,0.0033021037490180553,-1.7999043149761846,0.0718757482225661,0.964062125888717,59,0.9873919885004605,0.6213992300254725
delta_quintile_ic,W120_PC12_N10,120,PC12,10,False,5,0.0,4316,-0.0008487998781099128,-0.0008487998781099128,0.0023981296969648853,-0.35394244072127073,0.7233820200239238,0.6383089899880381,9,0.9873919885004605,0.9137457095039038
delta_quintile_ic,W120_PC12_N10,120,PC12,10,False,10,0.0,4311,-0.0009273272329594441,-0.0009273272329594441,0.002871699641081392,-0.3229192982766964,0.7467563607171337,0.6266218196414332,9,0.9873919885004605,0.9160730516457634
delta_quintile_ic,W120_PC12_N10,120,PC12,10,False,20,0.0,4301,-0.0040373443505148385,-0.0040373443505148385,0.0036012702041221508,-1.1210889829631614,0.2622499877167528,0.8688750061416236,19,0.9873919885004605,0.6400677666307186
delta_quintile_ic,W120_PC12_N10,120,PC12,10,False,60,0.0,4261,-0.006890255735557184,-0.006890255735557184,0.004567432458321225,-1.508562151368894,0.1314107125680885,0.9342946437159558,59,0.9873919885004605,0.6213992300254725
delta_quintile_ic,W120_PC12_N20,120,PC12,20,False,5,0.0,4306,-0.0037099800855669688,-0.0037099800855669688,0.0028375043328280787,-1.3074799719756947,0.19104975255831494,0.9044751237208425,19,0.9873919885004605,0.6213992300254725
delta_quintile_ic,W120_PC12_N20,120,PC12,20,False,10,0.0,4301,-0.004809529630192728,-0.004809529630192728,0.003790315776375177,-1.2688994569186696,0.2044769260562875,0.8977615369718562,19,0.9873919885004605,0.6213992300254725
delta_quintile_ic,W120_PC12_N20,120,PC12,20,False,20,0.0,4291,-0.007851955474362357,-0.007851955474362357,0.004590283957975138,-1.710559857788407,0.08716239466236046,0.9564188026688197,19,0.9873919885004605,0.6213992300254725
delta_quintile_ic,W120_PC12_N20,120,PC12,20,False,60,0.0,4251,-0.008650644174403435,-0.008650644174403435,0.0062176940659540315,-1.3912945993549937,0.16413611084878107,0.9179319445756094,59,0.9873919885004605,0.6213992300254725
delta_quintile_ic,W120_PC12_N60,120,PC12,60,False,5,0.0,4266,-0.004183157876987959,-0.004183157876987959,0.003406085811320076,-1.2281422455903181,0.21939357472550008,0.8903032126372499,59,0.9873919885004605,0.6213992300254725
delta_quintile_ic,W120_PC12_N60,120,PC12,60,False,10,0.0,4261,-0.0065767029051974485,-0.0065767029051974485,0.004789074256000657,-1.3732722763604912,0.16966771788536605,0.9151661410573169,59,0.9873919885004605,0.6213992300254725
delta_quintile_ic,W120_PC12_N60,120,PC12,60,False,20,0.0,4251,-0.009349636995062492,-0.009349636995062492,0.006702830207091245,-1.394878984875831,0.16305233532274263,0.9184738323386287,59,0.9873919885004605,0.6213992300254725
delta_quintile_ic,W120_PC12_N60,120,PC12,60,False,60,0.0,4211,-0.00302992480173592,-0.00302992480173592,0.009535419207122427,-0.31775475581322477,0.7506709728763894,0.6246645135618053,59,0.9873919885004605,0.9160730516457634
delta_quintile_ic,W120_PC123_N5,120,PC123,5,False,5,0.0,4321,-0.002402849927233363,-0.002402849927233363,0.002076792064337344,-1.1570007265027067,0.24727206352826162,0.8763639682358692,4,0.9873919885004605,0.6213992300254725
delta_quintile_ic,W120_PC123_N5,120,PC123,5,False,10,0.0,4316,-0.00034668298069848587,-0.00034668298069848587,0.002527343044371926,-0.13717290237686772,0.8908941291873138,0.5545529354063431,9,0.9873919885004605,0.9493723752312432
delta_quintile_ic,W120_PC123_N5,120,PC123,5,False,20,0.0,4306,-0.0019949626813580592,-0.0019949626813580592,0.0028183207145667704,-0.7078550964930629,0.4790352472492586,0.7604823763753706,19,0.9873919885004605,0.7887040596017002
delta_quintile_ic,W120_PC123_N5,120,PC123,5,False,60,0.0,4266,-0.005549306987323727,-0.005549306987323727,0.0031508046337758605,-1.7612348692891027,0.0781986585384622,0.9609006707307688,59,0.9873919885004605,0.6213992300254725
delta_quintile_ic,W120_PC123_N10,120,PC123,10,False,5,0.0,4316,-0.0012581127649237875,-0.0012581127649237875,0.002534216300526919,-0.49645042716448406,0.6195766544674525,0.6902116727662737,9,0.9873919885004605,0.8497051261267919
delta_quintile_ic,W120_PC123_N10,120,PC123,10,False,10,0.0,4311,-0.0014488787477893478,-0.0014488787477893478,0.0030309816335755695,-0.47802293875339114,0.6326338785487945,0.6836830607256028,9,0.9873919885004605,0.8519159347735251
delta_quintile_ic,W120_PC123_N10,120,PC123,10,False,20,0.0,4301,-0.004699581306979019,-0.004699581306979019,0.0037509185845398933,-1.2529147730236574,0.21023672494075316,0.8948816375296235,19,0.9873919885004605,0.6213992300254725
delta_quintile_ic,W120_PC123_N10,120,PC123,10,False,60,0.0,4261,-0.006626389805416362,-0.006626389805416362,0.004416987852633751,-1.5002055759481419,0.13356115934259322,0.9332194203287034,59,0.9873919885004605,0.6213992300254725
delta_quintile_ic,W120_PC123_N20,120,PC123,20,False,5,0.0,4306,-0.0036777571646437824,-0.0036777571646437824,0.002894077515099793,-1.2707873736813047,0.2038043018103239,0.898097849094838,19,0.9873919885004605,0.6213992300254725
delta_quintile_ic,W120_PC123_N20,120,PC123,20,False,10,0.0,4301,-0.0058909504345084265,-0.0058909504345084265,0.003926479299165403,-1.5003136361270475,0.1335331788523793,0.9332334105738103,19,0.9873919885004605,0.6213992300254725
delta_quintile_ic,W120_PC123_N20,120,PC123,20,False,20,0.0,4291,-0.009912461824348339,-0.009912461824348339,0.004715126087127385,-2.10226866496954,0.03552974784607369,0.9822351260769631,19,0.9873919885004605,0.6213992300254725
delta_quintile_ic,W120_PC123_N20,120,PC123,20,False,60,0.0,4251,-0.007672157175611101,-0.007672157175611101,0.005979530557968247,-1.2830701509481008,0.19946750012353237,0.9002662499382338,59,0.9873919885004605,0.6213992300254725
delta_quintile_ic,W120_PC123_N60,120,PC123,60,False,5,0.0,4266,-0.002949543162373467,-0.002949543162373467,0.0031739752692749573,-0.929289900562849,0.35273886774794033,0.8236305661260297,59,0.9873919885004605,0.7093629337321703
delta_quintile_ic,W120_PC123_N60,120,PC123,60,False,10,0.0,4261,-0.004820483880512271,-0.004820483880512271,0.004493783130326592,-1.0727006045264886,0.2834054690570939,0.8582972654714531,59,0.9873919885004605,0.6632797867231159
delta_quintile_ic,W120_PC123_N60,120,PC123,60,False,20,0.0,4251,-0.00685314547338014,-0.00685314547338014,0.006277508638366433,-1.0916982943672224,0.27496573514367495,0.8625171324281625,59,0.9873919885004605,0.6599177643448199
delta_quintile_ic,W120_PC123_N60,120,PC123,60,False,60,0.0,4211,0.0023915634174853178,0.0023915634174853178,0.008607352850790442,0.2778512115099002,0.7811265772315008,0.3905632886157504,59,0.9873919885004605,0.9289656454321369
delta_quintile_ic,W252_PC1_N5,252,PC1,5,False,5,0.0,4321,-6.559939247406665e-05,-6.559939247406665e-05,0.0013720416493142695,-0.04781151687840706,0.9618664579128284,0.5190667710435858,4,0.9873919885004605,0.9754138728130091
delta_quintile_ic,W252_PC1_N5,252,PC1,5,False,10,0.0,4316,0.0017534781426369998,0.0017534781426369998,0.0017866098005324383,0.9814555713924973,0.32636813345159366,0.16318406672579683,9,0.9873919885004605,0.6911325178974925
delta_quintile_ic,W252_PC1_N5,252,PC1,5,False,20,0.0,4306,0.001297373261261183,0.001297373261261183,0.002133385823434257,0.6081287533694737,0.5431020832791449,0.27155104163957244,19,0.9873919885004605,0.8129679963119847
delta_quintile_ic,W252_PC1_N5,252,PC1,5,False,60,0.0,4266,-0.00195748967511961,-0.00195748967511961,0.0027897575862404302,-0.7016701683236887,0.48288488115057243,0.7585575594247138,59,0.9873919885004605,0.7887040596017002
delta_quintile_ic,W252_PC1_N10,252,PC1,10,False,5,0.0,4316,0.001230372625488988,0.001230372625488988,0.0017944873425624532,0.6856401805164405,0.4929400372510626,0.2464700186255313,9,0.9873919885004605,0.7887040596017002
delta_quintile_ic,W252_PC1_N10,252,PC1,10,False,10,0.0,4311,0.0013419734232531218,0.0013419734232531218,0.002218127965609829,0.6050027068137044,0.545177198172617,0.2725885990863085,9,0.9873919885004605,0.8129679963119847
delta_quintile_ic,W252_PC1_N10,252,PC1,10,False,20,0.0,4301,0.000584977218598453,0.000584977218598453,0.002836975855145325,0.2061974611230829,0.8366366709672154,0.4183183354836077,19,0.9873919885004605,0.9339200048006125
delta_quintile_ic,W252_PC1_N10,252,PC1,10,False,60,0.0,4261,-0.0021911487364155765,-0.0021911487364155765,0.003963567363206914,-0.5528223783341285,0.5803850432600357,0.7098074783699821,59,0.9873919885004605,0.8274796656380706
delta_quintile_ic,W252_PC1_N20,252,PC1,20,False,5,0.0,4306,-0.00031721006909751277,-0.00031721006909751277,0.002261402434594775,-0.14027139276267483,0.88844556609768,0.55577721695116,19,0.9873919885004605,0.9493723752312432
delta_quintile_ic,W252_PC1_N20,252,PC1,20,False,10,0.0,4301,-0.0008115687526886683,-0.0008115687526886683,0.003019082619951238,-0.2688130319208608,0.7880735643316,0.6059632178341999,19,0.9873919885004605,0.9289656454321369
delta_quintile_ic,W252_PC1_N20,252,PC1,20,False,20,0.0,4291,-0.002643183657189341,-0.002643183657189341,0.0036846611878286126,-0.7173478163800947,0.4731595098988652,0.7634202450505674,19,0.9873919885004605,0.7887040596017002
delta_quintile_ic,W252_PC1_N20,252,PC1,20,False,60,0.0,4251,-0.002640549236929587,-0.002640549236929587,0.005530185956383113,-0.477479285101034,0.6330208681997722,0.6834895659001139,59,0.9873919885004605,0.8519159347735251
delta_quintile_ic,W252_PC1_N60,252,PC1,60,False,5,0.0,4266,0.0001820156578759611,0.0001820156578759611,0.003008808297905948,0.06049426877831972,0.9517619803443406,0.4758809901721703,59,0.9873919885004605,0.972012235245284
delta_quintile_ic,W252_PC1_N60,252,PC1,60,False,10,0.0,4261,-0.0005434227131313245,-0.0005434227131313245,0.004182738331347446,-0.1299203225453178,0.8966294654961741,0.551685267251913,59,0.9873919885004605,0.9493723752312432
delta_quintile_ic,W252_PC1_N60,252,PC1,60,False,20,0.0,4251,-0.0014795901069680057,-0.0014795901069680057,0.005776514358812958,-0.2561389126836782,0.7978435759601035,0.6010782120199483,59,0.9873919885004605,0.9289656454321369
delta_quintile_ic,W252_PC1_N60,252,PC1,60,False,60,0.0,4211,0.0022395319320067737,0.0022395319320067737,0.008066586546992657,0.2776306829363536,0.7812958761498806,0.3906479380749403,59,0.9873919885004605,0.9289656454321369
delta_quintile_ic,W252_PC12_N5,252,PC12,5,False,5,0.0,4321,-0.00043794672922837987,-0.00043794672922837987,0.0018494540755983127,-0.23679783943091462,0.8128136277791255,0.5935931861104373,4,0.9873919885004605,0.9289656454321369
delta_quintile_ic,W252_PC12_N5,252,PC12,5,False,10,0.0,4316,0.0016513019951234767,0.0016513019951234767,0.002235161204460834,0.7387842952123017,0.46003798966591336,0.23001899483295668,9,0.9873919885004605,0.7887040596017002
delta_quintile_ic,W252_PC12_N5,252,PC12,5,False,20,0.0,4306,0.0018977696281830536,0.0018977696281830536,0.0024087937486602443,0.7878506116343839,0.430784092741341,0.2153920463706705,19,0.9873919885004605,0.7887040596017002
delta_quintile_ic,W252_PC12_N5,252,PC12,5,False,60,0.0,4266,-0.0026752397341503506,-0.0026752397341503506,0.002999604459259271,-0.8918641675879426,0.3724657428156426,0.8137671285921788,59,0.9873919885004605,0.7247982022358451
delta_quintile_ic,W252_PC12_N10,252,PC12,10,False,5,0.0,4316,0.0015510668309381278,0.0015510668309381278,0.0022011547697286275,0.7046605046901601,0.48102153553134425,0.24051076776567212,9,0.9873919885004605,0.7887040596017002
delta_quintile_ic,W252_PC12_N10,252,PC12,10,False,10,0.0,4311,0.0024568572873411676,0.0024568572873411676,0.0026544923007068752,0.9255469630433365,0.35468146686608515,0.17734073343304257,9,0.9873919885004605,0.7093629337321703
delta_quintile_ic,W252_PC12_N10,252,PC12,10,False,20,0.0,4301,0.0010763929710870487,0.0010763929710870487,0.0031750624918297017,0.3390147355703707,0.734598629443183,0.3672993147215915,19,0.9873919885004605,0.9139750837999469
delta_quintile_ic,W252_PC12_N10,252,PC12,10,False,60,0.0,4261,-0.002572346246416417,-0.002572346246416417,0.004162387736272535,-0.6179977477830986,0.5365768232413928,0.7317115883793036,59,0.9873919885004605,0.8129679963119847
delta_quintile_ic,W252_PC12_N20,252,PC12,20,False,5,0.0,4306,0.00039555708717907786,0.00039555708717907786,0.0024699877227993524,0.16014536571492533,0.8727665656372607,0.43638328281863037,19,0.9873919885004605,0.9493723752312432
delta_quintile_ic,W252_PC12_N20,252,PC12,20,False,10,0.0,4301,0.0002842416255038697,0.0002842416255038697,0.0033502190410183968,0.08484269894707128,0.9323864470478126,0.4661932235239063,19,0.9873919885004605,0.9659255278768706
delta_quintile_ic,W252_PC12_N20,252,PC12,20,False,20,0.0,4291,-0.0014210587315044132,-0.0014210587315044132,0.0039861671657693215,-0.3564975256701639,0.7214680047700478,0.6392659976149762,19,0.9873919885004605,0.9137457095039038
delta_quintile_ic,W252_PC12_N20,252,PC12,20,False,60,0.0,4251,-0.0032381327751931045,-0.0032381327751931045,0.005619958869076633,-0.576184426012558,0.5644905308346431,0.7177547345826785,59,0.9873919885004605,0.8210771357594808
delta_quintile_ic,W252_PC12_N60,252,PC12,60,False,5,0.0,4266,-0.0005492466195489542,-0.0005492466195489542,0.0030192312119040133,-0.18191605114024495,0.8556486076916642,0.572175696154168,59,0.9873919885004605,0.9477953808276895
delta_quintile_ic,W252_PC12_N60,252,PC12,60,False,10,0.0,4261,-0.00151231034384108,-0.00151231034384108,0.004179587819362704,-0.36183241247738024,0.7174772692911555,0.6412613653544222,59,0.9873919885004605,0.9137457095039038
delta_quintile_ic,W252_PC12_N60,252,PC12,60,False,20,0.0,4251,-0.002280777129992033,-0.002280777129992033,0.005781598895362966,-0.394488993662513,0.6932200515635174,0.6533899742182413,59,0.9873919885004605,0.9074880675013318
delta_quintile_ic,W252_PC12_N60,252,PC12,60,False,60,0.0,4211,0.0012156663217469678,0.0012156663217469678,0.007794781916671283,0.15595899086630396,0.8760653461481077,0.43803267307405386,59,0.9873919885004605,0.9493723752312432
delta_quintile_ic,W252_PC123_N5,252,PC123,5,False,5,0.0,4321,-0.00012922612115011408,-0.00012922612115011408,0.002042594447628777,-0.06326567728612555,0.9495549465476689,0.5252225267261655,4,0.9873919885004605,0.972012235245284
delta_quintile_ic,W252_PC123_N5,252,PC123,5,False,10,0.0,4316,0.0028957127294813017,0.0028957127294813017,0.002450468108965404,1.1816977821041228,0.23732563868695547,0.11866281934347774,9,0.9873919885004605,0.6213992300254725
delta_quintile_ic,W252_PC123_N5,252,PC123,5,False,20,0.0,4306,0.0016855753141764296,0.0016855753141764296,0.0025890128537971045,0.6510494189723033,0.5150145862339852,0.2575072931169926,19,0.9873919885004605,0.7974419399752029
delta_quintile_ic,W252_PC123_N5,252,PC123,5,False,60,0.0,4266,-0.0017695294521081855,-0.0017695294521081855,0.0029846967571463315,-0.592867415381934,0.5532698863789896,0.7233650568105052,59,0.9873919885004605,0.8129679963119847
delta_quintile_ic,W252_PC123_N10,252,PC123,10,False,5,0.0,4316,0.0021428081329542526,0.0021428081329542526,0.0023923724834679127,0.8956833217911373,0.3704219204627288,0.1852109602313644,9,0.9873919885004605,0.7247982022358451
delta_quintile_ic,W252_PC123_N10,252,PC123,10,False,10,0.0,4311,0.0027903184265860082,0.0027903184265860082,0.002900125869225156,0.9621370079814895,0.33598078630789063,0.16799039315394532,9,0.9873919885004605,0.7011772931642934
delta_quintile_ic,W252_PC123_N10,252,PC123,10,False,20,0.0,4301,0.0004764323488637455,0.0004764323488637455,0.0033619259068432546,0.14171411329855896,0.8873058266559934,0.4436529133279967,19,0.9873919885004605,0.9493723752312432
delta_quintile_ic,W252_PC123_N10,252,PC123,10,False,60,0.0,4261,-0.0016658392189386633,-0.0016658392189386633,0.00419897304733885,-0.39672538979368044,0.6915699750696899,0.6542150124651551,59,0.9873919885004605,0.9074880675013318
delta_quintile_ic,W252_PC123_N20,252,PC123,20,False,5,0.0,4306,-0.000621209761341519,-0.000621209761341519,0.0026676058930664138,-0.23287164080577066,0.8158610804437224,0.5920694597781389,19,0.9873919885004605,0.9289656454321369
delta_quintile_ic,W252_PC123_N20,252,PC123,20,False,10,0.0,4301,-0.0012062658847371796,-0.0012062658847371796,0.00358140895846622,-0.33681322036279737,0.7362577063944016,0.6318711468027992,19,0.9873919885004605,0.9139750837999469
delta_quintile_ic,W252_PC123_N20,252,PC123,20,False,20,0.0,4291,-0.003952946768860037,-0.003952946768860037,0.004241684162678522,-0.9319285965798656,0.3513734277986064,0.8243132861006968,19,0.9873919885004605,0.7093629337321703
delta_quintile_ic,W252_PC123_N20,252,PC123,20,False,60,0.0,4251,-0.0020428368069956237,-0.0020428368069956237,0.005689292849675649,-0.359066910593658,0.7195450347225288,0.6402274826387355,59,0.9873919885004605,0.9137457095039038
delta_quintile_ic,W252_PC123_N60,252,PC123,60,False,5,0.0,4266,-9.68873206647423e-05,-9.68873206647423e-05,0.003089339889570219,-0.03136181971813435,0.9749809896139864,0.5125095051930068,59,0.9873919885004605,0.9817990384924059
delta_quintile_ic,W252_PC123_N60,252,PC123,60,False,10,0.0,4261,-0.0005093918863781858,-0.0005093918863781858,0.004276547243202773,-0.11911288649688673,0.9051859214807831,0.5474070392596084,59,0.9873919885004605,0.951436297030896
delta_quintile_ic,W252_PC123_N60,252,PC123,60,False,20,0.0,4251,-0.0013006469992304255,-0.0013006469992304255,0.005911000325374541,-0.22003839073516074,0.8258412558366888,0.5870793720816556,59,0.9873919885004605,0.9290714128162749
delta_quintile_ic,W252_PC123_N60,252,PC123,60,False,60,0.0,4211,0.005241933039826793,0.005241933039826793,0.007908948999920548,0.6627850350128004,0.5074682393661909,0.25373411968309545,59,0.9873919885004605,0.7942981137905597
